stage	generator_slug	generator	model_id	variant	variant_label	trait	behavior_metric	n	r	abs_r
lsi	glm_5_1	GLM 5.1	z-ai/glm-5.1	interwoven	interwoven_biography	HEXACO_HH_mean	total_words	50	-0.20241718536710906	0.20241718536710906
lsi	glm_5_1	GLM 5.1	z-ai/glm-5.1	interwoven	interwoven_biography	HEXACO_HH_mean	unique_word_rate	50	0.14881871859721404	0.14881871859721404
lsi	glm_5_1	GLM 5.1	z-ai/glm-5.1	interwoven	interwoven_biography	HEXACO_HH_mean	first_person_rate_per_1k	50	-0.2641694473219037	0.2641694473219037
lsi	glm_5_1	GLM 5.1	z-ai/glm-5.1	interwoven	interwoven_biography	HEXACO_HH_mean	we_rate_per_1k	50	0.40074115812234173	0.40074115812234173
lsi	glm_5_1	GLM 5.1	z-ai/glm-5.1	interwoven	interwoven_biography	HEXACO_HH_mean	social_word_rate_per_1k	50	0.13211209959670692	0.13211209959670692
lsi	glm_5_1	GLM 5.1	z-ai/glm-5.1	interwoven	interwoven_biography	HEXACO_HH_mean	exclamation_rate_per_1k	50	-0.09513637163159389	0.09513637163159389
lsi	glm_5_1	GLM 5.1	z-ai/glm-5.1	interwoven	interwoven_biography	HEXACO_HH_mean	question_rate_per_1k	50	-0.05478179569599807	0.05478179569599807
lsi	glm_5_1	GLM 5.1	z-ai/glm-5.1	interwoven	interwoven_biography	HEXACO_HH_mean	section_count	50		
lsi	glm_5_1	GLM 5.1	z-ai/glm-5.1	interwoven	interwoven_biography	HEXACO_HH_mean	section_words_mean	50	-0.20241718536710906	0.20241718536710906
lsi	glm_5_1	GLM 5.1	z-ai/glm-5.1	interwoven	interwoven_biography	HEXACO_HH_mean	section_words_sd	50	-0.13765103141457044	0.13765103141457044
lsi	glm_5_1	GLM 5.1	z-ai/glm-5.1	interwoven	interwoven_biography	HEXACO_HH_mean	section_words_cv	50	0.024316605035459796	0.024316605035459796
lsi	glm_5_1	GLM 5.1	z-ai/glm-5.1	interwoven	interwoven_biography	HEXACO_E_mean	total_words	50	-0.2573754927167064	0.2573754927167064
lsi	glm_5_1	GLM 5.1	z-ai/glm-5.1	interwoven	interwoven_biography	HEXACO_E_mean	unique_word_rate	50	0.050562610714678644	0.050562610714678644
lsi	glm_5_1	GLM 5.1	z-ai/glm-5.1	interwoven	interwoven_biography	HEXACO_E_mean	first_person_rate_per_1k	50	0.3698999623485779	0.3698999623485779
lsi	glm_5_1	GLM 5.1	z-ai/glm-5.1	interwoven	interwoven_biography	HEXACO_E_mean	we_rate_per_1k	50	0.1003861343357356	0.1003861343357356
lsi	glm_5_1	GLM 5.1	z-ai/glm-5.1	interwoven	interwoven_biography	HEXACO_E_mean	social_word_rate_per_1k	50	0.09438936253659301	0.09438936253659301
lsi	glm_5_1	GLM 5.1	z-ai/glm-5.1	interwoven	interwoven_biography	HEXACO_E_mean	exclamation_rate_per_1k	50	-0.12131405404723843	0.12131405404723843
lsi	glm_5_1	GLM 5.1	z-ai/glm-5.1	interwoven	interwoven_biography	HEXACO_E_mean	question_rate_per_1k	50	-0.22126043098859577	0.22126043098859577
lsi	glm_5_1	GLM 5.1	z-ai/glm-5.1	interwoven	interwoven_biography	HEXACO_E_mean	section_count	50		
lsi	glm_5_1	GLM 5.1	z-ai/glm-5.1	interwoven	interwoven_biography	HEXACO_E_mean	section_words_mean	50	-0.2573754927167064	0.2573754927167064
lsi	glm_5_1	GLM 5.1	z-ai/glm-5.1	interwoven	interwoven_biography	HEXACO_E_mean	section_words_sd	50	-0.05745930162199294	0.05745930162199294
lsi	glm_5_1	GLM 5.1	z-ai/glm-5.1	interwoven	interwoven_biography	HEXACO_E_mean	section_words_cv	50	0.122476141362789	0.122476141362789
lsi	glm_5_1	GLM 5.1	z-ai/glm-5.1	interwoven	interwoven_biography	HEXACO_EX_mean	total_words	50	-0.14701069497382951	0.14701069497382951
lsi	glm_5_1	GLM 5.1	z-ai/glm-5.1	interwoven	interwoven_biography	HEXACO_EX_mean	unique_word_rate	50	0.06922012927813549	0.06922012927813549
lsi	glm_5_1	GLM 5.1	z-ai/glm-5.1	interwoven	interwoven_biography	HEXACO_EX_mean	first_person_rate_per_1k	50	-0.027590140802698285	0.027590140802698285
lsi	glm_5_1	GLM 5.1	z-ai/glm-5.1	interwoven	interwoven_biography	HEXACO_EX_mean	we_rate_per_1k	50	0.3722320699481045	0.3722320699481045
lsi	glm_5_1	GLM 5.1	z-ai/glm-5.1	interwoven	interwoven_biography	HEXACO_EX_mean	social_word_rate_per_1k	50	0.22337772620327795	0.22337772620327795
lsi	glm_5_1	GLM 5.1	z-ai/glm-5.1	interwoven	interwoven_biography	HEXACO_EX_mean	exclamation_rate_per_1k	50	-0.12302721169270164	0.12302721169270164
lsi	glm_5_1	GLM 5.1	z-ai/glm-5.1	interwoven	interwoven_biography	HEXACO_EX_mean	question_rate_per_1k	50	0.12450930183193255	0.12450930183193255
lsi	glm_5_1	GLM 5.1	z-ai/glm-5.1	interwoven	interwoven_biography	HEXACO_EX_mean	section_count	50		
lsi	glm_5_1	GLM 5.1	z-ai/glm-5.1	interwoven	interwoven_biography	HEXACO_EX_mean	section_words_mean	50	-0.14701069497382951	0.14701069497382951
lsi	glm_5_1	GLM 5.1	z-ai/glm-5.1	interwoven	interwoven_biography	HEXACO_EX_mean	section_words_sd	50	-0.09537073563584199	0.09537073563584199
lsi	glm_5_1	GLM 5.1	z-ai/glm-5.1	interwoven	interwoven_biography	HEXACO_EX_mean	section_words_cv	50	-0.07140266505417614	0.07140266505417614
lsi	glm_5_1	GLM 5.1	z-ai/glm-5.1	interwoven	interwoven_biography	HEXACO_A_mean	total_words	50	-0.19384673834268895	0.19384673834268895
lsi	glm_5_1	GLM 5.1	z-ai/glm-5.1	interwoven	interwoven_biography	HEXACO_A_mean	unique_word_rate	50	0.1469201764790541	0.1469201764790541
lsi	glm_5_1	GLM 5.1	z-ai/glm-5.1	interwoven	interwoven_biography	HEXACO_A_mean	first_person_rate_per_1k	50	0.03263796710453378	0.03263796710453378
lsi	glm_5_1	GLM 5.1	z-ai/glm-5.1	interwoven	interwoven_biography	HEXACO_A_mean	we_rate_per_1k	50	0.2865804939026753	0.2865804939026753
lsi	glm_5_1	GLM 5.1	z-ai/glm-5.1	interwoven	interwoven_biography	HEXACO_A_mean	social_word_rate_per_1k	50	0.2281032895898497	0.2281032895898497
lsi	glm_5_1	GLM 5.1	z-ai/glm-5.1	interwoven	interwoven_biography	HEXACO_A_mean	exclamation_rate_per_1k	50	-0.242757936317937	0.242757936317937
lsi	glm_5_1	GLM 5.1	z-ai/glm-5.1	interwoven	interwoven_biography	HEXACO_A_mean	question_rate_per_1k	50	0.018955284975599427	0.018955284975599427
lsi	glm_5_1	GLM 5.1	z-ai/glm-5.1	interwoven	interwoven_biography	HEXACO_A_mean	section_count	50		
lsi	glm_5_1	GLM 5.1	z-ai/glm-5.1	interwoven	interwoven_biography	HEXACO_A_mean	section_words_mean	50	-0.19384673834268895	0.19384673834268895
lsi	glm_5_1	GLM 5.1	z-ai/glm-5.1	interwoven	interwoven_biography	HEXACO_A_mean	section_words_sd	50	-0.2823230527592051	0.2823230527592051
lsi	glm_5_1	GLM 5.1	z-ai/glm-5.1	interwoven	interwoven_biography	HEXACO_A_mean	section_words_cv	50	-0.1687682110941261	0.1687682110941261
lsi	glm_5_1	GLM 5.1	z-ai/glm-5.1	interwoven	interwoven_biography	HEXACO_C_mean	total_words	50	0.00784671064388501	0.00784671064388501
lsi	glm_5_1	GLM 5.1	z-ai/glm-5.1	interwoven	interwoven_biography	HEXACO_C_mean	unique_word_rate	50	0.16116141425401065	0.16116141425401065
lsi	glm_5_1	GLM 5.1	z-ai/glm-5.1	interwoven	interwoven_biography	HEXACO_C_mean	first_person_rate_per_1k	50	-0.13098859443787592	0.13098859443787592
lsi	glm_5_1	GLM 5.1	z-ai/glm-5.1	interwoven	interwoven_biography	HEXACO_C_mean	we_rate_per_1k	50	0.2576319315622624	0.2576319315622624
lsi	glm_5_1	GLM 5.1	z-ai/glm-5.1	interwoven	interwoven_biography	HEXACO_C_mean	social_word_rate_per_1k	50	0.023864120564182	0.023864120564182
lsi	glm_5_1	GLM 5.1	z-ai/glm-5.1	interwoven	interwoven_biography	HEXACO_C_mean	exclamation_rate_per_1k	50	0.05983689573664332	0.05983689573664332
lsi	glm_5_1	GLM 5.1	z-ai/glm-5.1	interwoven	interwoven_biography	HEXACO_C_mean	question_rate_per_1k	50	-0.35423213637902684	0.35423213637902684
lsi	glm_5_1	GLM 5.1	z-ai/glm-5.1	interwoven	interwoven_biography	HEXACO_C_mean	section_count	50		
lsi	glm_5_1	GLM 5.1	z-ai/glm-5.1	interwoven	interwoven_biography	HEXACO_C_mean	section_words_mean	50	0.00784671064388501	0.00784671064388501
lsi	glm_5_1	GLM 5.1	z-ai/glm-5.1	interwoven	interwoven_biography	HEXACO_C_mean	section_words_sd	50	-0.13297601013319352	0.13297601013319352
lsi	glm_5_1	GLM 5.1	z-ai/glm-5.1	interwoven	interwoven_biography	HEXACO_C_mean	section_words_cv	50	-0.03404254814316189	0.03404254814316189
lsi	glm_5_1	GLM 5.1	z-ai/glm-5.1	interwoven	interwoven_biography	HEXACO_OP_mean	total_words	50	0.14153055166168713	0.14153055166168713
lsi	glm_5_1	GLM 5.1	z-ai/glm-5.1	interwoven	interwoven_biography	HEXACO_OP_mean	unique_word_rate	50	0.03578313268078462	0.03578313268078462
lsi	glm_5_1	GLM 5.1	z-ai/glm-5.1	interwoven	interwoven_biography	HEXACO_OP_mean	first_person_rate_per_1k	50	-0.2433199103885354	0.2433199103885354
lsi	glm_5_1	GLM 5.1	z-ai/glm-5.1	interwoven	interwoven_biography	HEXACO_OP_mean	we_rate_per_1k	50	0.15272220870946504	0.15272220870946504
lsi	glm_5_1	GLM 5.1	z-ai/glm-5.1	interwoven	interwoven_biography	HEXACO_OP_mean	social_word_rate_per_1k	50	0.16486878370272415	0.16486878370272415
lsi	glm_5_1	GLM 5.1	z-ai/glm-5.1	interwoven	interwoven_biography	HEXACO_OP_mean	exclamation_rate_per_1k	50	-0.025059090506636607	0.025059090506636607
lsi	glm_5_1	GLM 5.1	z-ai/glm-5.1	interwoven	interwoven_biography	HEXACO_OP_mean	question_rate_per_1k	50	-0.04158241086041664	0.04158241086041664
lsi	glm_5_1	GLM 5.1	z-ai/glm-5.1	interwoven	interwoven_biography	HEXACO_OP_mean	section_count	50		
lsi	glm_5_1	GLM 5.1	z-ai/glm-5.1	interwoven	interwoven_biography	HEXACO_OP_mean	section_words_mean	50	0.14153055166168713	0.14153055166168713
lsi	glm_5_1	GLM 5.1	z-ai/glm-5.1	interwoven	interwoven_biography	HEXACO_OP_mean	section_words_sd	50	-0.06253631902902881	0.06253631902902881
lsi	glm_5_1	GLM 5.1	z-ai/glm-5.1	interwoven	interwoven_biography	HEXACO_OP_mean	section_words_cv	50	-0.08310142142268616	0.08310142142268616
lsi	glm_5_1	GLM 5.1	z-ai/glm-5.1	psych	psychometric_only	HEXACO_HH_mean	total_words	50	0.11258244793170841	0.11258244793170841
lsi	glm_5_1	GLM 5.1	z-ai/glm-5.1	psych	psychometric_only	HEXACO_HH_mean	unique_word_rate	50	-0.11850693968565677	0.11850693968565677
lsi	glm_5_1	GLM 5.1	z-ai/glm-5.1	psych	psychometric_only	HEXACO_HH_mean	first_person_rate_per_1k	50	-0.33328923164893864	0.33328923164893864
lsi	glm_5_1	GLM 5.1	z-ai/glm-5.1	psych	psychometric_only	HEXACO_HH_mean	we_rate_per_1k	50	0.4034692794609829	0.4034692794609829
lsi	glm_5_1	GLM 5.1	z-ai/glm-5.1	psych	psychometric_only	HEXACO_HH_mean	social_word_rate_per_1k	50	0.24159891811182946	0.24159891811182946
lsi	glm_5_1	GLM 5.1	z-ai/glm-5.1	psych	psychometric_only	HEXACO_HH_mean	exclamation_rate_per_1k	50	0.23736824560515685	0.23736824560515685
lsi	glm_5_1	GLM 5.1	z-ai/glm-5.1	psych	psychometric_only	HEXACO_HH_mean	question_rate_per_1k	50	0.1460004994685131	0.1460004994685131
lsi	glm_5_1	GLM 5.1	z-ai/glm-5.1	psych	psychometric_only	HEXACO_HH_mean	section_count	50		
lsi	glm_5_1	GLM 5.1	z-ai/glm-5.1	psych	psychometric_only	HEXACO_HH_mean	section_words_mean	50	0.11258244793170841	0.11258244793170841
lsi	glm_5_1	GLM 5.1	z-ai/glm-5.1	psych	psychometric_only	HEXACO_HH_mean	section_words_sd	50	0.19826938419753393	0.19826938419753393
lsi	glm_5_1	GLM 5.1	z-ai/glm-5.1	psych	psychometric_only	HEXACO_HH_mean	section_words_cv	50	0.20669971628648193	0.20669971628648193
lsi	glm_5_1	GLM 5.1	z-ai/glm-5.1	psych	psychometric_only	HEXACO_E_mean	total_words	50	0.10964580055550988	0.10964580055550988
lsi	glm_5_1	GLM 5.1	z-ai/glm-5.1	psych	psychometric_only	HEXACO_E_mean	unique_word_rate	50	-0.22743169807251132	0.22743169807251132
lsi	glm_5_1	GLM 5.1	z-ai/glm-5.1	psych	psychometric_only	HEXACO_E_mean	first_person_rate_per_1k	50	0.19989510993990564	0.19989510993990564
lsi	glm_5_1	GLM 5.1	z-ai/glm-5.1	psych	psychometric_only	HEXACO_E_mean	we_rate_per_1k	50	0.0416883190884434	0.0416883190884434
lsi	glm_5_1	GLM 5.1	z-ai/glm-5.1	psych	psychometric_only	HEXACO_E_mean	social_word_rate_per_1k	50	0.16562079275967212	0.16562079275967212
lsi	glm_5_1	GLM 5.1	z-ai/glm-5.1	psych	psychometric_only	HEXACO_E_mean	exclamation_rate_per_1k	50	-0.10618143782688823	0.10618143782688823
lsi	glm_5_1	GLM 5.1	z-ai/glm-5.1	psych	psychometric_only	HEXACO_E_mean	question_rate_per_1k	50	-0.04024457801730116	0.04024457801730116
lsi	glm_5_1	GLM 5.1	z-ai/glm-5.1	psych	psychometric_only	HEXACO_E_mean	section_count	50		
lsi	glm_5_1	GLM 5.1	z-ai/glm-5.1	psych	psychometric_only	HEXACO_E_mean	section_words_mean	50	0.10964580055550988	0.10964580055550988
lsi	glm_5_1	GLM 5.1	z-ai/glm-5.1	psych	psychometric_only	HEXACO_E_mean	section_words_sd	50	0.01448866055702788	0.01448866055702788
lsi	glm_5_1	GLM 5.1	z-ai/glm-5.1	psych	psychometric_only	HEXACO_E_mean	section_words_cv	50	0.020955509038255524	0.020955509038255524
lsi	glm_5_1	GLM 5.1	z-ai/glm-5.1	psych	psychometric_only	HEXACO_EX_mean	total_words	50	-0.28373907384479535	0.28373907384479535
lsi	glm_5_1	GLM 5.1	z-ai/glm-5.1	psych	psychometric_only	HEXACO_EX_mean	unique_word_rate	50	0.28505687893963966	0.28505687893963966
lsi	glm_5_1	GLM 5.1	z-ai/glm-5.1	psych	psychometric_only	HEXACO_EX_mean	first_person_rate_per_1k	50	-0.2104573752302323	0.2104573752302323
lsi	glm_5_1	GLM 5.1	z-ai/glm-5.1	psych	psychometric_only	HEXACO_EX_mean	we_rate_per_1k	50	0.36214680289958656	0.36214680289958656
lsi	glm_5_1	GLM 5.1	z-ai/glm-5.1	psych	psychometric_only	HEXACO_EX_mean	social_word_rate_per_1k	50	0.2019270863217213	0.2019270863217213
lsi	glm_5_1	GLM 5.1	z-ai/glm-5.1	psych	psychometric_only	HEXACO_EX_mean	exclamation_rate_per_1k	50	0.07426294950404522	0.07426294950404522
lsi	glm_5_1	GLM 5.1	z-ai/glm-5.1	psych	psychometric_only	HEXACO_EX_mean	question_rate_per_1k	50	-0.0628440981196565	0.0628440981196565
lsi	glm_5_1	GLM 5.1	z-ai/glm-5.1	psych	psychometric_only	HEXACO_EX_mean	section_count	50		
lsi	glm_5_1	GLM 5.1	z-ai/glm-5.1	psych	psychometric_only	HEXACO_EX_mean	section_words_mean	50	-0.28373907384479535	0.28373907384479535
lsi	glm_5_1	GLM 5.1	z-ai/glm-5.1	psych	psychometric_only	HEXACO_EX_mean	section_words_sd	50	-0.23933995909243183	0.23933995909243183
lsi	glm_5_1	GLM 5.1	z-ai/glm-5.1	psych	psychometric_only	HEXACO_EX_mean	section_words_cv	50	-0.2476333794867626	0.2476333794867626
lsi	glm_5_1	GLM 5.1	z-ai/glm-5.1	psych	psychometric_only	HEXACO_A_mean	total_words	50	-0.0023315262935471575	0.0023315262935471575
lsi	glm_5_1	GLM 5.1	z-ai/glm-5.1	psych	psychometric_only	HEXACO_A_mean	unique_word_rate	50	-0.0924722884596564	0.0924722884596564
lsi	glm_5_1	GLM 5.1	z-ai/glm-5.1	psych	psychometric_only	HEXACO_A_mean	first_person_rate_per_1k	50	-0.10520350961910509	0.10520350961910509
lsi	glm_5_1	GLM 5.1	z-ai/glm-5.1	psych	psychometric_only	HEXACO_A_mean	we_rate_per_1k	50	0.30803409140858373	0.30803409140858373
lsi	glm_5_1	GLM 5.1	z-ai/glm-5.1	psych	psychometric_only	HEXACO_A_mean	social_word_rate_per_1k	50	0.40988019755032085	0.40988019755032085
lsi	glm_5_1	GLM 5.1	z-ai/glm-5.1	psych	psychometric_only	HEXACO_A_mean	exclamation_rate_per_1k	50	0.206502863602463	0.206502863602463
lsi	glm_5_1	GLM 5.1	z-ai/glm-5.1	psych	psychometric_only	HEXACO_A_mean	question_rate_per_1k	50	0.222528889201595	0.222528889201595
lsi	glm_5_1	GLM 5.1	z-ai/glm-5.1	psych	psychometric_only	HEXACO_A_mean	section_count	50		
lsi	glm_5_1	GLM 5.1	z-ai/glm-5.1	psych	psychometric_only	HEXACO_A_mean	section_words_mean	50	-0.0023315262935471575	0.0023315262935471575
lsi	glm_5_1	GLM 5.1	z-ai/glm-5.1	psych	psychometric_only	HEXACO_A_mean	section_words_sd	50	0.1713638845060522	0.1713638845060522
lsi	glm_5_1	GLM 5.1	z-ai/glm-5.1	psych	psychometric_only	HEXACO_A_mean	section_words_cv	50	0.15997905765090042	0.15997905765090042
lsi	glm_5_1	GLM 5.1	z-ai/glm-5.1	psych	psychometric_only	HEXACO_C_mean	total_words	50	0.3231914556254936	0.3231914556254936
lsi	glm_5_1	GLM 5.1	z-ai/glm-5.1	psych	psychometric_only	HEXACO_C_mean	unique_word_rate	50	-0.07201584556729963	0.07201584556729963
lsi	glm_5_1	GLM 5.1	z-ai/glm-5.1	psych	psychometric_only	HEXACO_C_mean	first_person_rate_per_1k	50	-0.11698440028937389	0.11698440028937389
lsi	glm_5_1	GLM 5.1	z-ai/glm-5.1	psych	psychometric_only	HEXACO_C_mean	we_rate_per_1k	50	-0.017342981122519516	0.017342981122519516
lsi	glm_5_1	GLM 5.1	z-ai/glm-5.1	psych	psychometric_only	HEXACO_C_mean	social_word_rate_per_1k	50	0.33444720704038516	0.33444720704038516
lsi	glm_5_1	GLM 5.1	z-ai/glm-5.1	psych	psychometric_only	HEXACO_C_mean	exclamation_rate_per_1k	50	-0.0293475446235323	0.0293475446235323
lsi	glm_5_1	GLM 5.1	z-ai/glm-5.1	psych	psychometric_only	HEXACO_C_mean	question_rate_per_1k	50	0.11966008116853488	0.11966008116853488
lsi	glm_5_1	GLM 5.1	z-ai/glm-5.1	psych	psychometric_only	HEXACO_C_mean	section_count	50		
lsi	glm_5_1	GLM 5.1	z-ai/glm-5.1	psych	psychometric_only	HEXACO_C_mean	section_words_mean	50	0.3231914556254936	0.3231914556254936
lsi	glm_5_1	GLM 5.1	z-ai/glm-5.1	psych	psychometric_only	HEXACO_C_mean	section_words_sd	50	0.19618250983817545	0.19618250983817545
lsi	glm_5_1	GLM 5.1	z-ai/glm-5.1	psych	psychometric_only	HEXACO_C_mean	section_words_cv	50	0.17083408888654478	0.17083408888654478
lsi	glm_5_1	GLM 5.1	z-ai/glm-5.1	psych	psychometric_only	HEXACO_OP_mean	total_words	50	0.036819193476830867	0.036819193476830867
lsi	glm_5_1	GLM 5.1	z-ai/glm-5.1	psych	psychometric_only	HEXACO_OP_mean	unique_word_rate	50	0.0225532426232804	0.0225532426232804
lsi	glm_5_1	GLM 5.1	z-ai/glm-5.1	psych	psychometric_only	HEXACO_OP_mean	first_person_rate_per_1k	50	-0.19112322071218704	0.19112322071218704
lsi	glm_5_1	GLM 5.1	z-ai/glm-5.1	psych	psychometric_only	HEXACO_OP_mean	we_rate_per_1k	50	0.03703407276852672	0.03703407276852672
lsi	glm_5_1	GLM 5.1	z-ai/glm-5.1	psych	psychometric_only	HEXACO_OP_mean	social_word_rate_per_1k	50	0.2013845644077607	0.2013845644077607
lsi	glm_5_1	GLM 5.1	z-ai/glm-5.1	psych	psychometric_only	HEXACO_OP_mean	exclamation_rate_per_1k	50	0.15466345792730174	0.15466345792730174
lsi	glm_5_1	GLM 5.1	z-ai/glm-5.1	psych	psychometric_only	HEXACO_OP_mean	question_rate_per_1k	50	0.1259929558739158	0.1259929558739158
lsi	glm_5_1	GLM 5.1	z-ai/glm-5.1	psych	psychometric_only	HEXACO_OP_mean	section_count	50		
lsi	glm_5_1	GLM 5.1	z-ai/glm-5.1	psych	psychometric_only	HEXACO_OP_mean	section_words_mean	50	0.036819193476830867	0.036819193476830867
lsi	glm_5_1	GLM 5.1	z-ai/glm-5.1	psych	psychometric_only	HEXACO_OP_mean	section_words_sd	50	0.11249924878315488	0.11249924878315488
lsi	glm_5_1	GLM 5.1	z-ai/glm-5.1	psych	psychometric_only	HEXACO_OP_mean	section_words_cv	50	0.10171725292501557	0.10171725292501557
lsi	kimi_k26	Kimi K2.6	moonshotai/kimi-k2.6	interwoven	interwoven_biography	HEXACO_HH_mean	total_words	50	-0.24394264092052614	0.24394264092052614
lsi	kimi_k26	Kimi K2.6	moonshotai/kimi-k2.6	interwoven	interwoven_biography	HEXACO_HH_mean	unique_word_rate	50	0.16441758126864955	0.16441758126864955
lsi	kimi_k26	Kimi K2.6	moonshotai/kimi-k2.6	interwoven	interwoven_biography	HEXACO_HH_mean	first_person_rate_per_1k	50	-0.16283694546331953	0.16283694546331953
lsi	kimi_k26	Kimi K2.6	moonshotai/kimi-k2.6	interwoven	interwoven_biography	HEXACO_HH_mean	we_rate_per_1k	50	0.34821612251342815	0.34821612251342815
lsi	kimi_k26	Kimi K2.6	moonshotai/kimi-k2.6	interwoven	interwoven_biography	HEXACO_HH_mean	social_word_rate_per_1k	50	0.2336601919583105	0.2336601919583105
lsi	kimi_k26	Kimi K2.6	moonshotai/kimi-k2.6	interwoven	interwoven_biography	HEXACO_HH_mean	exclamation_rate_per_1k	50		
lsi	kimi_k26	Kimi K2.6	moonshotai/kimi-k2.6	interwoven	interwoven_biography	HEXACO_HH_mean	question_rate_per_1k	50	0.09322492510992192	0.09322492510992192
lsi	kimi_k26	Kimi K2.6	moonshotai/kimi-k2.6	interwoven	interwoven_biography	HEXACO_HH_mean	section_count	50		
lsi	kimi_k26	Kimi K2.6	moonshotai/kimi-k2.6	interwoven	interwoven_biography	HEXACO_HH_mean	section_words_mean	50	-0.24394264092052614	0.24394264092052614
lsi	kimi_k26	Kimi K2.6	moonshotai/kimi-k2.6	interwoven	interwoven_biography	HEXACO_HH_mean	section_words_sd	50	-0.2899945954908904	0.2899945954908904
lsi	kimi_k26	Kimi K2.6	moonshotai/kimi-k2.6	interwoven	interwoven_biography	HEXACO_HH_mean	section_words_cv	50	-0.24382075686438975	0.24382075686438975
lsi	kimi_k26	Kimi K2.6	moonshotai/kimi-k2.6	interwoven	interwoven_biography	HEXACO_E_mean	total_words	50	0.13926431415307622	0.13926431415307622
lsi	kimi_k26	Kimi K2.6	moonshotai/kimi-k2.6	interwoven	interwoven_biography	HEXACO_E_mean	unique_word_rate	50	-0.06050295658567745	0.06050295658567745
lsi	kimi_k26	Kimi K2.6	moonshotai/kimi-k2.6	interwoven	interwoven_biography	HEXACO_E_mean	first_person_rate_per_1k	50	-0.03180290591366752	0.03180290591366752
lsi	kimi_k26	Kimi K2.6	moonshotai/kimi-k2.6	interwoven	interwoven_biography	HEXACO_E_mean	we_rate_per_1k	50	0.15180524801433565	0.15180524801433565
lsi	kimi_k26	Kimi K2.6	moonshotai/kimi-k2.6	interwoven	interwoven_biography	HEXACO_E_mean	social_word_rate_per_1k	50	0.14921489856713258	0.14921489856713258
lsi	kimi_k26	Kimi K2.6	moonshotai/kimi-k2.6	interwoven	interwoven_biography	HEXACO_E_mean	exclamation_rate_per_1k	50		
lsi	kimi_k26	Kimi K2.6	moonshotai/kimi-k2.6	interwoven	interwoven_biography	HEXACO_E_mean	question_rate_per_1k	50	0.028377780023291364	0.028377780023291364
lsi	kimi_k26	Kimi K2.6	moonshotai/kimi-k2.6	interwoven	interwoven_biography	HEXACO_E_mean	section_count	50		
lsi	kimi_k26	Kimi K2.6	moonshotai/kimi-k2.6	interwoven	interwoven_biography	HEXACO_E_mean	section_words_mean	50	0.13926431415307622	0.13926431415307622
lsi	kimi_k26	Kimi K2.6	moonshotai/kimi-k2.6	interwoven	interwoven_biography	HEXACO_E_mean	section_words_sd	50	-0.03920156850593696	0.03920156850593696
lsi	kimi_k26	Kimi K2.6	moonshotai/kimi-k2.6	interwoven	interwoven_biography	HEXACO_E_mean	section_words_cv	50	-0.10068365190889046	0.10068365190889046
lsi	kimi_k26	Kimi K2.6	moonshotai/kimi-k2.6	interwoven	interwoven_biography	HEXACO_EX_mean	total_words	50	-0.09960969464334749	0.09960969464334749
lsi	kimi_k26	Kimi K2.6	moonshotai/kimi-k2.6	interwoven	interwoven_biography	HEXACO_EX_mean	unique_word_rate	50	0.11671520372000056	0.11671520372000056
lsi	kimi_k26	Kimi K2.6	moonshotai/kimi-k2.6	interwoven	interwoven_biography	HEXACO_EX_mean	first_person_rate_per_1k	50	-0.00283227862912682	0.00283227862912682
lsi	kimi_k26	Kimi K2.6	moonshotai/kimi-k2.6	interwoven	interwoven_biography	HEXACO_EX_mean	we_rate_per_1k	50	0.2449031567605893	0.2449031567605893
lsi	kimi_k26	Kimi K2.6	moonshotai/kimi-k2.6	interwoven	interwoven_biography	HEXACO_EX_mean	social_word_rate_per_1k	50	0.3600844600405165	0.3600844600405165
lsi	kimi_k26	Kimi K2.6	moonshotai/kimi-k2.6	interwoven	interwoven_biography	HEXACO_EX_mean	exclamation_rate_per_1k	50		
lsi	kimi_k26	Kimi K2.6	moonshotai/kimi-k2.6	interwoven	interwoven_biography	HEXACO_EX_mean	question_rate_per_1k	50	-0.006201191509364482	0.006201191509364482
lsi	kimi_k26	Kimi K2.6	moonshotai/kimi-k2.6	interwoven	interwoven_biography	HEXACO_EX_mean	section_count	50		
lsi	kimi_k26	Kimi K2.6	moonshotai/kimi-k2.6	interwoven	interwoven_biography	HEXACO_EX_mean	section_words_mean	50	-0.09960969464334749	0.09960969464334749
lsi	kimi_k26	Kimi K2.6	moonshotai/kimi-k2.6	interwoven	interwoven_biography	HEXACO_EX_mean	section_words_sd	50	-0.0328355538146265	0.0328355538146265
lsi	kimi_k26	Kimi K2.6	moonshotai/kimi-k2.6	interwoven	interwoven_biography	HEXACO_EX_mean	section_words_cv	50	-0.01944449869943273	0.01944449869943273
lsi	kimi_k26	Kimi K2.6	moonshotai/kimi-k2.6	interwoven	interwoven_biography	HEXACO_A_mean	total_words	50	-0.00659348351542647	0.00659348351542647
lsi	kimi_k26	Kimi K2.6	moonshotai/kimi-k2.6	interwoven	interwoven_biography	HEXACO_A_mean	unique_word_rate	50	0.16490534298929196	0.16490534298929196
lsi	kimi_k26	Kimi K2.6	moonshotai/kimi-k2.6	interwoven	interwoven_biography	HEXACO_A_mean	first_person_rate_per_1k	50	0.03417800165926951	0.03417800165926951
lsi	kimi_k26	Kimi K2.6	moonshotai/kimi-k2.6	interwoven	interwoven_biography	HEXACO_A_mean	we_rate_per_1k	50	0.4841750597190736	0.4841750597190736
lsi	kimi_k26	Kimi K2.6	moonshotai/kimi-k2.6	interwoven	interwoven_biography	HEXACO_A_mean	social_word_rate_per_1k	50	0.4872122206282233	0.4872122206282233
lsi	kimi_k26	Kimi K2.6	moonshotai/kimi-k2.6	interwoven	interwoven_biography	HEXACO_A_mean	exclamation_rate_per_1k	50		
lsi	kimi_k26	Kimi K2.6	moonshotai/kimi-k2.6	interwoven	interwoven_biography	HEXACO_A_mean	question_rate_per_1k	50	0.18028893335604879	0.18028893335604879
lsi	kimi_k26	Kimi K2.6	moonshotai/kimi-k2.6	interwoven	interwoven_biography	HEXACO_A_mean	section_count	50		
lsi	kimi_k26	Kimi K2.6	moonshotai/kimi-k2.6	interwoven	interwoven_biography	HEXACO_A_mean	section_words_mean	50	-0.00659348351542647	0.00659348351542647
lsi	kimi_k26	Kimi K2.6	moonshotai/kimi-k2.6	interwoven	interwoven_biography	HEXACO_A_mean	section_words_sd	50	-0.07819503643760344	0.07819503643760344
lsi	kimi_k26	Kimi K2.6	moonshotai/kimi-k2.6	interwoven	interwoven_biography	HEXACO_A_mean	section_words_cv	50	-0.09803069340436199	0.09803069340436199
lsi	kimi_k26	Kimi K2.6	moonshotai/kimi-k2.6	interwoven	interwoven_biography	HEXACO_C_mean	total_words	50	-0.10010730970652068	0.10010730970652068
lsi	kimi_k26	Kimi K2.6	moonshotai/kimi-k2.6	interwoven	interwoven_biography	HEXACO_C_mean	unique_word_rate	50	0.4020456185576536	0.4020456185576536
lsi	kimi_k26	Kimi K2.6	moonshotai/kimi-k2.6	interwoven	interwoven_biography	HEXACO_C_mean	first_person_rate_per_1k	50	-0.06681261013734248	0.06681261013734248
lsi	kimi_k26	Kimi K2.6	moonshotai/kimi-k2.6	interwoven	interwoven_biography	HEXACO_C_mean	we_rate_per_1k	50	0.1499198840556103	0.1499198840556103
lsi	kimi_k26	Kimi K2.6	moonshotai/kimi-k2.6	interwoven	interwoven_biography	HEXACO_C_mean	social_word_rate_per_1k	50	0.1079692941338318	0.1079692941338318
lsi	kimi_k26	Kimi K2.6	moonshotai/kimi-k2.6	interwoven	interwoven_biography	HEXACO_C_mean	exclamation_rate_per_1k	50		
lsi	kimi_k26	Kimi K2.6	moonshotai/kimi-k2.6	interwoven	interwoven_biography	HEXACO_C_mean	question_rate_per_1k	50	-0.21832615104883632	0.21832615104883632
lsi	kimi_k26	Kimi K2.6	moonshotai/kimi-k2.6	interwoven	interwoven_biography	HEXACO_C_mean	section_count	50		
lsi	kimi_k26	Kimi K2.6	moonshotai/kimi-k2.6	interwoven	interwoven_biography	HEXACO_C_mean	section_words_mean	50	-0.10010730970652068	0.10010730970652068
lsi	kimi_k26	Kimi K2.6	moonshotai/kimi-k2.6	interwoven	interwoven_biography	HEXACO_C_mean	section_words_sd	50	-0.09601075552827411	0.09601075552827411
lsi	kimi_k26	Kimi K2.6	moonshotai/kimi-k2.6	interwoven	interwoven_biography	HEXACO_C_mean	section_words_cv	50	-0.09224229687499232	0.09224229687499232
lsi	kimi_k26	Kimi K2.6	moonshotai/kimi-k2.6	interwoven	interwoven_biography	HEXACO_OP_mean	total_words	50	-0.0031462885987216978	0.0031462885987216978
lsi	kimi_k26	Kimi K2.6	moonshotai/kimi-k2.6	interwoven	interwoven_biography	HEXACO_OP_mean	unique_word_rate	50	0.03146393785213711	0.03146393785213711
lsi	kimi_k26	Kimi K2.6	moonshotai/kimi-k2.6	interwoven	interwoven_biography	HEXACO_OP_mean	first_person_rate_per_1k	50	-0.14974765971966503	0.14974765971966503
lsi	kimi_k26	Kimi K2.6	moonshotai/kimi-k2.6	interwoven	interwoven_biography	HEXACO_OP_mean	we_rate_per_1k	50	0.15800810143603197	0.15800810143603197
lsi	kimi_k26	Kimi K2.6	moonshotai/kimi-k2.6	interwoven	interwoven_biography	HEXACO_OP_mean	social_word_rate_per_1k	50	0.118178699138538	0.118178699138538
lsi	kimi_k26	Kimi K2.6	moonshotai/kimi-k2.6	interwoven	interwoven_biography	HEXACO_OP_mean	exclamation_rate_per_1k	50		
lsi	kimi_k26	Kimi K2.6	moonshotai/kimi-k2.6	interwoven	interwoven_biography	HEXACO_OP_mean	question_rate_per_1k	50	-0.23539265520930164	0.23539265520930164
lsi	kimi_k26	Kimi K2.6	moonshotai/kimi-k2.6	interwoven	interwoven_biography	HEXACO_OP_mean	section_count	50		
lsi	kimi_k26	Kimi K2.6	moonshotai/kimi-k2.6	interwoven	interwoven_biography	HEXACO_OP_mean	section_words_mean	50	-0.0031462885987216978	0.0031462885987216978
lsi	kimi_k26	Kimi K2.6	moonshotai/kimi-k2.6	interwoven	interwoven_biography	HEXACO_OP_mean	section_words_sd	50	-0.017516968165823325	0.017516968165823325
lsi	kimi_k26	Kimi K2.6	moonshotai/kimi-k2.6	interwoven	interwoven_biography	HEXACO_OP_mean	section_words_cv	50	-0.07815562423564397	0.07815562423564397
lsi	kimi_k26	Kimi K2.6	moonshotai/kimi-k2.6	psych	psychometric_only	HEXACO_HH_mean	total_words	50	-0.08164928289745978	0.08164928289745978
lsi	kimi_k26	Kimi K2.6	moonshotai/kimi-k2.6	psych	psychometric_only	HEXACO_HH_mean	unique_word_rate	50	0.1153711672703027	0.1153711672703027
lsi	kimi_k26	Kimi K2.6	moonshotai/kimi-k2.6	psych	psychometric_only	HEXACO_HH_mean	first_person_rate_per_1k	50	-0.3657513958191999	0.3657513958191999
lsi	kimi_k26	Kimi K2.6	moonshotai/kimi-k2.6	psych	psychometric_only	HEXACO_HH_mean	we_rate_per_1k	50	0.12528117710673262	0.12528117710673262
lsi	kimi_k26	Kimi K2.6	moonshotai/kimi-k2.6	psych	psychometric_only	HEXACO_HH_mean	social_word_rate_per_1k	50	0.26950608478201	0.26950608478201
lsi	kimi_k26	Kimi K2.6	moonshotai/kimi-k2.6	psych	psychometric_only	HEXACO_HH_mean	exclamation_rate_per_1k	50	0.1723043537308645	0.1723043537308645
lsi	kimi_k26	Kimi K2.6	moonshotai/kimi-k2.6	psych	psychometric_only	HEXACO_HH_mean	question_rate_per_1k	50	0.22454096791615613	0.22454096791615613
lsi	kimi_k26	Kimi K2.6	moonshotai/kimi-k2.6	psych	psychometric_only	HEXACO_HH_mean	section_count	50		
lsi	kimi_k26	Kimi K2.6	moonshotai/kimi-k2.6	psych	psychometric_only	HEXACO_HH_mean	section_words_mean	50	-0.08164928289745978	0.08164928289745978
lsi	kimi_k26	Kimi K2.6	moonshotai/kimi-k2.6	psych	psychometric_only	HEXACO_HH_mean	section_words_sd	50	0.136221204329503	0.136221204329503
lsi	kimi_k26	Kimi K2.6	moonshotai/kimi-k2.6	psych	psychometric_only	HEXACO_HH_mean	section_words_cv	50	0.15082678459042934	0.15082678459042934
lsi	kimi_k26	Kimi K2.6	moonshotai/kimi-k2.6	psych	psychometric_only	HEXACO_E_mean	total_words	50	0.3127992855120513	0.3127992855120513
lsi	kimi_k26	Kimi K2.6	moonshotai/kimi-k2.6	psych	psychometric_only	HEXACO_E_mean	unique_word_rate	50	-0.2050247574429942	0.2050247574429942
lsi	kimi_k26	Kimi K2.6	moonshotai/kimi-k2.6	psych	psychometric_only	HEXACO_E_mean	first_person_rate_per_1k	50	-0.19244868001018245	0.19244868001018245
lsi	kimi_k26	Kimi K2.6	moonshotai/kimi-k2.6	psych	psychometric_only	HEXACO_E_mean	we_rate_per_1k	50	0.16527875036502584	0.16527875036502584
lsi	kimi_k26	Kimi K2.6	moonshotai/kimi-k2.6	psych	psychometric_only	HEXACO_E_mean	social_word_rate_per_1k	50	0.17061002826557348	0.17061002826557348
lsi	kimi_k26	Kimi K2.6	moonshotai/kimi-k2.6	psych	psychometric_only	HEXACO_E_mean	exclamation_rate_per_1k	50	-0.11196409845832415	0.11196409845832415
lsi	kimi_k26	Kimi K2.6	moonshotai/kimi-k2.6	psych	psychometric_only	HEXACO_E_mean	question_rate_per_1k	50	0.1250436587110568	0.1250436587110568
lsi	kimi_k26	Kimi K2.6	moonshotai/kimi-k2.6	psych	psychometric_only	HEXACO_E_mean	section_count	50		
lsi	kimi_k26	Kimi K2.6	moonshotai/kimi-k2.6	psych	psychometric_only	HEXACO_E_mean	section_words_mean	50	0.3127992855120513	0.3127992855120513
lsi	kimi_k26	Kimi K2.6	moonshotai/kimi-k2.6	psych	psychometric_only	HEXACO_E_mean	section_words_sd	50	0.3502367043357468	0.3502367043357468
lsi	kimi_k26	Kimi K2.6	moonshotai/kimi-k2.6	psych	psychometric_only	HEXACO_E_mean	section_words_cv	50	0.2823528635084822	0.2823528635084822
lsi	kimi_k26	Kimi K2.6	moonshotai/kimi-k2.6	psych	psychometric_only	HEXACO_EX_mean	total_words	50	-0.25003841655845227	0.25003841655845227
lsi	kimi_k26	Kimi K2.6	moonshotai/kimi-k2.6	psych	psychometric_only	HEXACO_EX_mean	unique_word_rate	50	0.1615919722533402	0.1615919722533402
lsi	kimi_k26	Kimi K2.6	moonshotai/kimi-k2.6	psych	psychometric_only	HEXACO_EX_mean	first_person_rate_per_1k	50	-0.10041700840905132	0.10041700840905132
lsi	kimi_k26	Kimi K2.6	moonshotai/kimi-k2.6	psych	psychometric_only	HEXACO_EX_mean	we_rate_per_1k	50	0.04119685587189754	0.04119685587189754
lsi	kimi_k26	Kimi K2.6	moonshotai/kimi-k2.6	psych	psychometric_only	HEXACO_EX_mean	social_word_rate_per_1k	50	0.29015089485083945	0.29015089485083945
lsi	kimi_k26	Kimi K2.6	moonshotai/kimi-k2.6	psych	psychometric_only	HEXACO_EX_mean	exclamation_rate_per_1k	50	0.1520563282690934	0.1520563282690934
lsi	kimi_k26	Kimi K2.6	moonshotai/kimi-k2.6	psych	psychometric_only	HEXACO_EX_mean	question_rate_per_1k	50	0.20625814906122386	0.20625814906122386
lsi	kimi_k26	Kimi K2.6	moonshotai/kimi-k2.6	psych	psychometric_only	HEXACO_EX_mean	section_count	50		
lsi	kimi_k26	Kimi K2.6	moonshotai/kimi-k2.6	psych	psychometric_only	HEXACO_EX_mean	section_words_mean	50	-0.25003841655845227	0.25003841655845227
lsi	kimi_k26	Kimi K2.6	moonshotai/kimi-k2.6	psych	psychometric_only	HEXACO_EX_mean	section_words_sd	50	-0.00939709361096866	0.00939709361096866
lsi	kimi_k26	Kimi K2.6	moonshotai/kimi-k2.6	psych	psychometric_only	HEXACO_EX_mean	section_words_cv	50	0.06782456226928009	0.06782456226928009
lsi	kimi_k26	Kimi K2.6	moonshotai/kimi-k2.6	psych	psychometric_only	HEXACO_A_mean	total_words	50	-0.2355195732813885	0.2355195732813885
lsi	kimi_k26	Kimi K2.6	moonshotai/kimi-k2.6	psych	psychometric_only	HEXACO_A_mean	unique_word_rate	50	0.27121175820444104	0.27121175820444104
lsi	kimi_k26	Kimi K2.6	moonshotai/kimi-k2.6	psych	psychometric_only	HEXACO_A_mean	first_person_rate_per_1k	50	-0.14778191850040215	0.14778191850040215
lsi	kimi_k26	Kimi K2.6	moonshotai/kimi-k2.6	psych	psychometric_only	HEXACO_A_mean	we_rate_per_1k	50	0.1394772899494038	0.1394772899494038
lsi	kimi_k26	Kimi K2.6	moonshotai/kimi-k2.6	psych	psychometric_only	HEXACO_A_mean	social_word_rate_per_1k	50	0.4066064668396931	0.4066064668396931
lsi	kimi_k26	Kimi K2.6	moonshotai/kimi-k2.6	psych	psychometric_only	HEXACO_A_mean	exclamation_rate_per_1k	50	0.08717887676896671	0.08717887676896671
lsi	kimi_k26	Kimi K2.6	moonshotai/kimi-k2.6	psych	psychometric_only	HEXACO_A_mean	question_rate_per_1k	50	0.14081991141457983	0.14081991141457983
lsi	kimi_k26	Kimi K2.6	moonshotai/kimi-k2.6	psych	psychometric_only	HEXACO_A_mean	section_count	50		
lsi	kimi_k26	Kimi K2.6	moonshotai/kimi-k2.6	psych	psychometric_only	HEXACO_A_mean	section_words_mean	50	-0.2355195732813885	0.2355195732813885
lsi	kimi_k26	Kimi K2.6	moonshotai/kimi-k2.6	psych	psychometric_only	HEXACO_A_mean	section_words_sd	50	-0.08836582060818601	0.08836582060818601
lsi	kimi_k26	Kimi K2.6	moonshotai/kimi-k2.6	psych	psychometric_only	HEXACO_A_mean	section_words_cv	50	-0.05468770060530547	0.05468770060530547
lsi	kimi_k26	Kimi K2.6	moonshotai/kimi-k2.6	psych	psychometric_only	HEXACO_C_mean	total_words	50	0.09489550858981187	0.09489550858981187
lsi	kimi_k26	Kimi K2.6	moonshotai/kimi-k2.6	psych	psychometric_only	HEXACO_C_mean	unique_word_rate	50	0.2848231140666668	0.2848231140666668
lsi	kimi_k26	Kimi K2.6	moonshotai/kimi-k2.6	psych	psychometric_only	HEXACO_C_mean	first_person_rate_per_1k	50	-0.11235177056360149	0.11235177056360149
lsi	kimi_k26	Kimi K2.6	moonshotai/kimi-k2.6	psych	psychometric_only	HEXACO_C_mean	we_rate_per_1k	50	-0.303473598203493	0.303473598203493
lsi	kimi_k26	Kimi K2.6	moonshotai/kimi-k2.6	psych	psychometric_only	HEXACO_C_mean	social_word_rate_per_1k	50	0.06568721207277006	0.06568721207277006
lsi	kimi_k26	Kimi K2.6	moonshotai/kimi-k2.6	psych	psychometric_only	HEXACO_C_mean	exclamation_rate_per_1k	50	-0.03490714811603635	0.03490714811603635
lsi	kimi_k26	Kimi K2.6	moonshotai/kimi-k2.6	psych	psychometric_only	HEXACO_C_mean	question_rate_per_1k	50	-0.018972714959974397	0.018972714959974397
lsi	kimi_k26	Kimi K2.6	moonshotai/kimi-k2.6	psych	psychometric_only	HEXACO_C_mean	section_count	50		
lsi	kimi_k26	Kimi K2.6	moonshotai/kimi-k2.6	psych	psychometric_only	HEXACO_C_mean	section_words_mean	50	0.09489550858981187	0.09489550858981187
lsi	kimi_k26	Kimi K2.6	moonshotai/kimi-k2.6	psych	psychometric_only	HEXACO_C_mean	section_words_sd	50	0.09801968693780853	0.09801968693780853
lsi	kimi_k26	Kimi K2.6	moonshotai/kimi-k2.6	psych	psychometric_only	HEXACO_C_mean	section_words_cv	50	0.07469417136351111	0.07469417136351111
lsi	kimi_k26	Kimi K2.6	moonshotai/kimi-k2.6	psych	psychometric_only	HEXACO_OP_mean	total_words	50	0.016601275737758905	0.016601275737758905
lsi	kimi_k26	Kimi K2.6	moonshotai/kimi-k2.6	psych	psychometric_only	HEXACO_OP_mean	unique_word_rate	50	0.019481270664395797	0.019481270664395797
lsi	kimi_k26	Kimi K2.6	moonshotai/kimi-k2.6	psych	psychometric_only	HEXACO_OP_mean	first_person_rate_per_1k	50	-0.2293171146309969	0.2293171146309969
lsi	kimi_k26	Kimi K2.6	moonshotai/kimi-k2.6	psych	psychometric_only	HEXACO_OP_mean	we_rate_per_1k	50	-0.18281740561434376	0.18281740561434376
lsi	kimi_k26	Kimi K2.6	moonshotai/kimi-k2.6	psych	psychometric_only	HEXACO_OP_mean	social_word_rate_per_1k	50	0.035506506394249585	0.035506506394249585
lsi	kimi_k26	Kimi K2.6	moonshotai/kimi-k2.6	psych	psychometric_only	HEXACO_OP_mean	exclamation_rate_per_1k	50	0.10904474762684283	0.10904474762684283
lsi	kimi_k26	Kimi K2.6	moonshotai/kimi-k2.6	psych	psychometric_only	HEXACO_OP_mean	question_rate_per_1k	50	-0.004802194610391653	0.004802194610391653
lsi	kimi_k26	Kimi K2.6	moonshotai/kimi-k2.6	psych	psychometric_only	HEXACO_OP_mean	section_count	50		
lsi	kimi_k26	Kimi K2.6	moonshotai/kimi-k2.6	psych	psychometric_only	HEXACO_OP_mean	section_words_mean	50	0.016601275737758905	0.016601275737758905
lsi	kimi_k26	Kimi K2.6	moonshotai/kimi-k2.6	psych	psychometric_only	HEXACO_OP_mean	section_words_sd	50	0.15920317381026722	0.15920317381026722
lsi	kimi_k26	Kimi K2.6	moonshotai/kimi-k2.6	psych	psychometric_only	HEXACO_OP_mean	section_words_cv	50	0.18540429043726914	0.18540429043726914
lsi	mimo_v25_pro	MiMo v2.5 Pro	xiaomi/mimo-v2.5-pro	interwoven	interwoven_biography	HEXACO_HH_mean	total_words	50	0.049267585637476505	0.049267585637476505
lsi	mimo_v25_pro	MiMo v2.5 Pro	xiaomi/mimo-v2.5-pro	interwoven	interwoven_biography	HEXACO_HH_mean	unique_word_rate	50	-0.3630950342470761	0.3630950342470761
lsi	mimo_v25_pro	MiMo v2.5 Pro	xiaomi/mimo-v2.5-pro	interwoven	interwoven_biography	HEXACO_HH_mean	first_person_rate_per_1k	50	-0.07586106733106403	0.07586106733106403
lsi	mimo_v25_pro	MiMo v2.5 Pro	xiaomi/mimo-v2.5-pro	interwoven	interwoven_biography	HEXACO_HH_mean	we_rate_per_1k	50	0.33869474849246844	0.33869474849246844
lsi	mimo_v25_pro	MiMo v2.5 Pro	xiaomi/mimo-v2.5-pro	interwoven	interwoven_biography	HEXACO_HH_mean	social_word_rate_per_1k	50	0.06322223421072455	0.06322223421072455
lsi	mimo_v25_pro	MiMo v2.5 Pro	xiaomi/mimo-v2.5-pro	interwoven	interwoven_biography	HEXACO_HH_mean	exclamation_rate_per_1k	50	0.11781728685004188	0.11781728685004188
lsi	mimo_v25_pro	MiMo v2.5 Pro	xiaomi/mimo-v2.5-pro	interwoven	interwoven_biography	HEXACO_HH_mean	question_rate_per_1k	50	0.008379193917494586	0.008379193917494586
lsi	mimo_v25_pro	MiMo v2.5 Pro	xiaomi/mimo-v2.5-pro	interwoven	interwoven_biography	HEXACO_HH_mean	section_count	50		
lsi	mimo_v25_pro	MiMo v2.5 Pro	xiaomi/mimo-v2.5-pro	interwoven	interwoven_biography	HEXACO_HH_mean	section_words_mean	50	0.049267585637476505	0.049267585637476505
lsi	mimo_v25_pro	MiMo v2.5 Pro	xiaomi/mimo-v2.5-pro	interwoven	interwoven_biography	HEXACO_HH_mean	section_words_sd	50	0.08734288054920575	0.08734288054920575
lsi	mimo_v25_pro	MiMo v2.5 Pro	xiaomi/mimo-v2.5-pro	interwoven	interwoven_biography	HEXACO_HH_mean	section_words_cv	50	0.03086640945271676	0.03086640945271676
lsi	mimo_v25_pro	MiMo v2.5 Pro	xiaomi/mimo-v2.5-pro	interwoven	interwoven_biography	HEXACO_E_mean	total_words	50	-0.012570566424149004	0.012570566424149004
lsi	mimo_v25_pro	MiMo v2.5 Pro	xiaomi/mimo-v2.5-pro	interwoven	interwoven_biography	HEXACO_E_mean	unique_word_rate	50	-0.11789622555109414	0.11789622555109414
lsi	mimo_v25_pro	MiMo v2.5 Pro	xiaomi/mimo-v2.5-pro	interwoven	interwoven_biography	HEXACO_E_mean	first_person_rate_per_1k	50	-0.01867989475447416	0.01867989475447416
lsi	mimo_v25_pro	MiMo v2.5 Pro	xiaomi/mimo-v2.5-pro	interwoven	interwoven_biography	HEXACO_E_mean	we_rate_per_1k	50	-0.04377476897398174	0.04377476897398174
lsi	mimo_v25_pro	MiMo v2.5 Pro	xiaomi/mimo-v2.5-pro	interwoven	interwoven_biography	HEXACO_E_mean	social_word_rate_per_1k	50	0.007542962297842695	0.007542962297842695
lsi	mimo_v25_pro	MiMo v2.5 Pro	xiaomi/mimo-v2.5-pro	interwoven	interwoven_biography	HEXACO_E_mean	exclamation_rate_per_1k	50	0.0320310382573598	0.0320310382573598
lsi	mimo_v25_pro	MiMo v2.5 Pro	xiaomi/mimo-v2.5-pro	interwoven	interwoven_biography	HEXACO_E_mean	question_rate_per_1k	50	0.03161443896514293	0.03161443896514293
lsi	mimo_v25_pro	MiMo v2.5 Pro	xiaomi/mimo-v2.5-pro	interwoven	interwoven_biography	HEXACO_E_mean	section_count	50		
lsi	mimo_v25_pro	MiMo v2.5 Pro	xiaomi/mimo-v2.5-pro	interwoven	interwoven_biography	HEXACO_E_mean	section_words_mean	50	-0.012570566424149004	0.012570566424149004
lsi	mimo_v25_pro	MiMo v2.5 Pro	xiaomi/mimo-v2.5-pro	interwoven	interwoven_biography	HEXACO_E_mean	section_words_sd	50	-0.09299489532223167	0.09299489532223167
lsi	mimo_v25_pro	MiMo v2.5 Pro	xiaomi/mimo-v2.5-pro	interwoven	interwoven_biography	HEXACO_E_mean	section_words_cv	50	-0.13231288953165615	0.13231288953165615
lsi	mimo_v25_pro	MiMo v2.5 Pro	xiaomi/mimo-v2.5-pro	interwoven	interwoven_biography	HEXACO_EX_mean	total_words	50	-0.0888717200298319	0.0888717200298319
lsi	mimo_v25_pro	MiMo v2.5 Pro	xiaomi/mimo-v2.5-pro	interwoven	interwoven_biography	HEXACO_EX_mean	unique_word_rate	50	0.03995658868053346	0.03995658868053346
lsi	mimo_v25_pro	MiMo v2.5 Pro	xiaomi/mimo-v2.5-pro	interwoven	interwoven_biography	HEXACO_EX_mean	first_person_rate_per_1k	50	-0.07099207648978834	0.07099207648978834
lsi	mimo_v25_pro	MiMo v2.5 Pro	xiaomi/mimo-v2.5-pro	interwoven	interwoven_biography	HEXACO_EX_mean	we_rate_per_1k	50	0.18795192063268734	0.18795192063268734
lsi	mimo_v25_pro	MiMo v2.5 Pro	xiaomi/mimo-v2.5-pro	interwoven	interwoven_biography	HEXACO_EX_mean	social_word_rate_per_1k	50	0.34581011225023023	0.34581011225023023
lsi	mimo_v25_pro	MiMo v2.5 Pro	xiaomi/mimo-v2.5-pro	interwoven	interwoven_biography	HEXACO_EX_mean	exclamation_rate_per_1k	50	0.061357003927992905	0.061357003927992905
lsi	mimo_v25_pro	MiMo v2.5 Pro	xiaomi/mimo-v2.5-pro	interwoven	interwoven_biography	HEXACO_EX_mean	question_rate_per_1k	50	0.2651301702256876	0.2651301702256876
lsi	mimo_v25_pro	MiMo v2.5 Pro	xiaomi/mimo-v2.5-pro	interwoven	interwoven_biography	HEXACO_EX_mean	section_count	50		
lsi	mimo_v25_pro	MiMo v2.5 Pro	xiaomi/mimo-v2.5-pro	interwoven	interwoven_biography	HEXACO_EX_mean	section_words_mean	50	-0.0888717200298319	0.0888717200298319
lsi	mimo_v25_pro	MiMo v2.5 Pro	xiaomi/mimo-v2.5-pro	interwoven	interwoven_biography	HEXACO_EX_mean	section_words_sd	50	-0.17759479126935973	0.17759479126935973
lsi	mimo_v25_pro	MiMo v2.5 Pro	xiaomi/mimo-v2.5-pro	interwoven	interwoven_biography	HEXACO_EX_mean	section_words_cv	50	-0.1967616928204727	0.1967616928204727
lsi	mimo_v25_pro	MiMo v2.5 Pro	xiaomi/mimo-v2.5-pro	interwoven	interwoven_biography	HEXACO_A_mean	total_words	50	-0.16285307937230523	0.16285307937230523
lsi	mimo_v25_pro	MiMo v2.5 Pro	xiaomi/mimo-v2.5-pro	interwoven	interwoven_biography	HEXACO_A_mean	unique_word_rate	50	-0.060836099535655504	0.060836099535655504
lsi	mimo_v25_pro	MiMo v2.5 Pro	xiaomi/mimo-v2.5-pro	interwoven	interwoven_biography	HEXACO_A_mean	first_person_rate_per_1k	50	0.07726114277272511	0.07726114277272511
lsi	mimo_v25_pro	MiMo v2.5 Pro	xiaomi/mimo-v2.5-pro	interwoven	interwoven_biography	HEXACO_A_mean	we_rate_per_1k	50	0.33728800385235846	0.33728800385235846
lsi	mimo_v25_pro	MiMo v2.5 Pro	xiaomi/mimo-v2.5-pro	interwoven	interwoven_biography	HEXACO_A_mean	social_word_rate_per_1k	50	0.35252030226074715	0.35252030226074715
lsi	mimo_v25_pro	MiMo v2.5 Pro	xiaomi/mimo-v2.5-pro	interwoven	interwoven_biography	HEXACO_A_mean	exclamation_rate_per_1k	50	-0.09349120369231195	0.09349120369231195
lsi	mimo_v25_pro	MiMo v2.5 Pro	xiaomi/mimo-v2.5-pro	interwoven	interwoven_biography	HEXACO_A_mean	question_rate_per_1k	50	0.10093026907043995	0.10093026907043995
lsi	mimo_v25_pro	MiMo v2.5 Pro	xiaomi/mimo-v2.5-pro	interwoven	interwoven_biography	HEXACO_A_mean	section_count	50		
lsi	mimo_v25_pro	MiMo v2.5 Pro	xiaomi/mimo-v2.5-pro	interwoven	interwoven_biography	HEXACO_A_mean	section_words_mean	50	-0.16285307937230523	0.16285307937230523
lsi	mimo_v25_pro	MiMo v2.5 Pro	xiaomi/mimo-v2.5-pro	interwoven	interwoven_biography	HEXACO_A_mean	section_words_sd	50	-0.13087076027083344	0.13087076027083344
lsi	mimo_v25_pro	MiMo v2.5 Pro	xiaomi/mimo-v2.5-pro	interwoven	interwoven_biography	HEXACO_A_mean	section_words_cv	50	-0.12514321542165013	0.12514321542165013
lsi	mimo_v25_pro	MiMo v2.5 Pro	xiaomi/mimo-v2.5-pro	interwoven	interwoven_biography	HEXACO_C_mean	total_words	50	-0.14700373239973255	0.14700373239973255
lsi	mimo_v25_pro	MiMo v2.5 Pro	xiaomi/mimo-v2.5-pro	interwoven	interwoven_biography	HEXACO_C_mean	unique_word_rate	50	0.15110627048307584	0.15110627048307584
lsi	mimo_v25_pro	MiMo v2.5 Pro	xiaomi/mimo-v2.5-pro	interwoven	interwoven_biography	HEXACO_C_mean	first_person_rate_per_1k	50	0.07395288707012959	0.07395288707012959
lsi	mimo_v25_pro	MiMo v2.5 Pro	xiaomi/mimo-v2.5-pro	interwoven	interwoven_biography	HEXACO_C_mean	we_rate_per_1k	50	-0.020671160150289854	0.020671160150289854
lsi	mimo_v25_pro	MiMo v2.5 Pro	xiaomi/mimo-v2.5-pro	interwoven	interwoven_biography	HEXACO_C_mean	social_word_rate_per_1k	50	-0.17376825602619245	0.17376825602619245
lsi	mimo_v25_pro	MiMo v2.5 Pro	xiaomi/mimo-v2.5-pro	interwoven	interwoven_biography	HEXACO_C_mean	exclamation_rate_per_1k	50	-0.31231261872075716	0.31231261872075716
lsi	mimo_v25_pro	MiMo v2.5 Pro	xiaomi/mimo-v2.5-pro	interwoven	interwoven_biography	HEXACO_C_mean	question_rate_per_1k	50	0.17062380662385265	0.17062380662385265
lsi	mimo_v25_pro	MiMo v2.5 Pro	xiaomi/mimo-v2.5-pro	interwoven	interwoven_biography	HEXACO_C_mean	section_count	50		
lsi	mimo_v25_pro	MiMo v2.5 Pro	xiaomi/mimo-v2.5-pro	interwoven	interwoven_biography	HEXACO_C_mean	section_words_mean	50	-0.14700373239973255	0.14700373239973255
lsi	mimo_v25_pro	MiMo v2.5 Pro	xiaomi/mimo-v2.5-pro	interwoven	interwoven_biography	HEXACO_C_mean	section_words_sd	50	0.08226372178369	0.08226372178369
lsi	mimo_v25_pro	MiMo v2.5 Pro	xiaomi/mimo-v2.5-pro	interwoven	interwoven_biography	HEXACO_C_mean	section_words_cv	50	0.14059049345258956	0.14059049345258956
lsi	mimo_v25_pro	MiMo v2.5 Pro	xiaomi/mimo-v2.5-pro	interwoven	interwoven_biography	HEXACO_OP_mean	total_words	50	0.3076437589482236	0.3076437589482236
lsi	mimo_v25_pro	MiMo v2.5 Pro	xiaomi/mimo-v2.5-pro	interwoven	interwoven_biography	HEXACO_OP_mean	unique_word_rate	50	-0.06429280098864272	0.06429280098864272
lsi	mimo_v25_pro	MiMo v2.5 Pro	xiaomi/mimo-v2.5-pro	interwoven	interwoven_biography	HEXACO_OP_mean	first_person_rate_per_1k	50	-0.09880794047597045	0.09880794047597045
lsi	mimo_v25_pro	MiMo v2.5 Pro	xiaomi/mimo-v2.5-pro	interwoven	interwoven_biography	HEXACO_OP_mean	we_rate_per_1k	50	0.012088570807745877	0.012088570807745877
lsi	mimo_v25_pro	MiMo v2.5 Pro	xiaomi/mimo-v2.5-pro	interwoven	interwoven_biography	HEXACO_OP_mean	social_word_rate_per_1k	50	0.030072818680257518	0.030072818680257518
lsi	mimo_v25_pro	MiMo v2.5 Pro	xiaomi/mimo-v2.5-pro	interwoven	interwoven_biography	HEXACO_OP_mean	exclamation_rate_per_1k	50	-0.11026330925417434	0.11026330925417434
lsi	mimo_v25_pro	MiMo v2.5 Pro	xiaomi/mimo-v2.5-pro	interwoven	interwoven_biography	HEXACO_OP_mean	question_rate_per_1k	50	0.0626712670061611	0.0626712670061611
lsi	mimo_v25_pro	MiMo v2.5 Pro	xiaomi/mimo-v2.5-pro	interwoven	interwoven_biography	HEXACO_OP_mean	section_count	50		
lsi	mimo_v25_pro	MiMo v2.5 Pro	xiaomi/mimo-v2.5-pro	interwoven	interwoven_biography	HEXACO_OP_mean	section_words_mean	50	0.3076437589482236	0.3076437589482236
lsi	mimo_v25_pro	MiMo v2.5 Pro	xiaomi/mimo-v2.5-pro	interwoven	interwoven_biography	HEXACO_OP_mean	section_words_sd	50	0.11546017179604497	0.11546017179604497
lsi	mimo_v25_pro	MiMo v2.5 Pro	xiaomi/mimo-v2.5-pro	interwoven	interwoven_biography	HEXACO_OP_mean	section_words_cv	50	-0.037154129227765245	0.037154129227765245
lsi	mimo_v25_pro	MiMo v2.5 Pro	xiaomi/mimo-v2.5-pro	psych	psychometric_only	HEXACO_HH_mean	total_words	50	-0.05085493299008108	0.05085493299008108
lsi	mimo_v25_pro	MiMo v2.5 Pro	xiaomi/mimo-v2.5-pro	psych	psychometric_only	HEXACO_HH_mean	unique_word_rate	50	-0.21908649706502445	0.21908649706502445
lsi	mimo_v25_pro	MiMo v2.5 Pro	xiaomi/mimo-v2.5-pro	psych	psychometric_only	HEXACO_HH_mean	first_person_rate_per_1k	50	-0.16062611517510558	0.16062611517510558
lsi	mimo_v25_pro	MiMo v2.5 Pro	xiaomi/mimo-v2.5-pro	psych	psychometric_only	HEXACO_HH_mean	we_rate_per_1k	50	0.4869952335722627	0.4869952335722627
lsi	mimo_v25_pro	MiMo v2.5 Pro	xiaomi/mimo-v2.5-pro	psych	psychometric_only	HEXACO_HH_mean	social_word_rate_per_1k	50	0.2463493803486358	0.2463493803486358
lsi	mimo_v25_pro	MiMo v2.5 Pro	xiaomi/mimo-v2.5-pro	psych	psychometric_only	HEXACO_HH_mean	exclamation_rate_per_1k	50	-0.0981960426909322	0.0981960426909322
lsi	mimo_v25_pro	MiMo v2.5 Pro	xiaomi/mimo-v2.5-pro	psych	psychometric_only	HEXACO_HH_mean	question_rate_per_1k	50	-0.0713844036123288	0.0713844036123288
lsi	mimo_v25_pro	MiMo v2.5 Pro	xiaomi/mimo-v2.5-pro	psych	psychometric_only	HEXACO_HH_mean	section_count	50		
lsi	mimo_v25_pro	MiMo v2.5 Pro	xiaomi/mimo-v2.5-pro	psych	psychometric_only	HEXACO_HH_mean	section_words_mean	50	-0.05085493299008108	0.05085493299008108
lsi	mimo_v25_pro	MiMo v2.5 Pro	xiaomi/mimo-v2.5-pro	psych	psychometric_only	HEXACO_HH_mean	section_words_sd	50	-0.23617998997245376	0.23617998997245376
lsi	mimo_v25_pro	MiMo v2.5 Pro	xiaomi/mimo-v2.5-pro	psych	psychometric_only	HEXACO_HH_mean	section_words_cv	50	-0.25508105289605154	0.25508105289605154
lsi	mimo_v25_pro	MiMo v2.5 Pro	xiaomi/mimo-v2.5-pro	psych	psychometric_only	HEXACO_E_mean	total_words	50	-0.1103667589526282	0.1103667589526282
lsi	mimo_v25_pro	MiMo v2.5 Pro	xiaomi/mimo-v2.5-pro	psych	psychometric_only	HEXACO_E_mean	unique_word_rate	50	-0.04605575181226001	0.04605575181226001
lsi	mimo_v25_pro	MiMo v2.5 Pro	xiaomi/mimo-v2.5-pro	psych	psychometric_only	HEXACO_E_mean	first_person_rate_per_1k	50	0.12301228272478715	0.12301228272478715
lsi	mimo_v25_pro	MiMo v2.5 Pro	xiaomi/mimo-v2.5-pro	psych	psychometric_only	HEXACO_E_mean	we_rate_per_1k	50	0.10716896658723031	0.10716896658723031
lsi	mimo_v25_pro	MiMo v2.5 Pro	xiaomi/mimo-v2.5-pro	psych	psychometric_only	HEXACO_E_mean	social_word_rate_per_1k	50	-0.12873097963389274	0.12873097963389274
lsi	mimo_v25_pro	MiMo v2.5 Pro	xiaomi/mimo-v2.5-pro	psych	psychometric_only	HEXACO_E_mean	exclamation_rate_per_1k	50	0.05962949606182011	0.05962949606182011
lsi	mimo_v25_pro	MiMo v2.5 Pro	xiaomi/mimo-v2.5-pro	psych	psychometric_only	HEXACO_E_mean	question_rate_per_1k	50	-0.1089488146830114	0.1089488146830114
lsi	mimo_v25_pro	MiMo v2.5 Pro	xiaomi/mimo-v2.5-pro	psych	psychometric_only	HEXACO_E_mean	section_count	50		
lsi	mimo_v25_pro	MiMo v2.5 Pro	xiaomi/mimo-v2.5-pro	psych	psychometric_only	HEXACO_E_mean	section_words_mean	50	-0.1103667589526282	0.1103667589526282
lsi	mimo_v25_pro	MiMo v2.5 Pro	xiaomi/mimo-v2.5-pro	psych	psychometric_only	HEXACO_E_mean	section_words_sd	50	-0.16239553854639224	0.16239553854639224
lsi	mimo_v25_pro	MiMo v2.5 Pro	xiaomi/mimo-v2.5-pro	psych	psychometric_only	HEXACO_E_mean	section_words_cv	50	-0.15038179857082554	0.15038179857082554
lsi	mimo_v25_pro	MiMo v2.5 Pro	xiaomi/mimo-v2.5-pro	psych	psychometric_only	HEXACO_EX_mean	total_words	50	0.31997710802962526	0.31997710802962526
lsi	mimo_v25_pro	MiMo v2.5 Pro	xiaomi/mimo-v2.5-pro	psych	psychometric_only	HEXACO_EX_mean	unique_word_rate	50	-0.20715059698961596	0.20715059698961596
lsi	mimo_v25_pro	MiMo v2.5 Pro	xiaomi/mimo-v2.5-pro	psych	psychometric_only	HEXACO_EX_mean	first_person_rate_per_1k	50	-0.18752230165350398	0.18752230165350398
lsi	mimo_v25_pro	MiMo v2.5 Pro	xiaomi/mimo-v2.5-pro	psych	psychometric_only	HEXACO_EX_mean	we_rate_per_1k	50	0.2355097491379014	0.2355097491379014
lsi	mimo_v25_pro	MiMo v2.5 Pro	xiaomi/mimo-v2.5-pro	psych	psychometric_only	HEXACO_EX_mean	social_word_rate_per_1k	50	0.420432341686592	0.420432341686592
lsi	mimo_v25_pro	MiMo v2.5 Pro	xiaomi/mimo-v2.5-pro	psych	psychometric_only	HEXACO_EX_mean	exclamation_rate_per_1k	50	-0.09182672805328834	0.09182672805328834
lsi	mimo_v25_pro	MiMo v2.5 Pro	xiaomi/mimo-v2.5-pro	psych	psychometric_only	HEXACO_EX_mean	question_rate_per_1k	50	0.0448181220216175	0.0448181220216175
lsi	mimo_v25_pro	MiMo v2.5 Pro	xiaomi/mimo-v2.5-pro	psych	psychometric_only	HEXACO_EX_mean	section_count	50		
lsi	mimo_v25_pro	MiMo v2.5 Pro	xiaomi/mimo-v2.5-pro	psych	psychometric_only	HEXACO_EX_mean	section_words_mean	50	0.31997710802962526	0.31997710802962526
lsi	mimo_v25_pro	MiMo v2.5 Pro	xiaomi/mimo-v2.5-pro	psych	psychometric_only	HEXACO_EX_mean	section_words_sd	50	0.2860345421260119	0.2860345421260119
lsi	mimo_v25_pro	MiMo v2.5 Pro	xiaomi/mimo-v2.5-pro	psych	psychometric_only	HEXACO_EX_mean	section_words_cv	50	0.14887338948692197	0.14887338948692197
lsi	mimo_v25_pro	MiMo v2.5 Pro	xiaomi/mimo-v2.5-pro	psych	psychometric_only	HEXACO_A_mean	total_words	50	0.27583890180149023	0.27583890180149023
lsi	mimo_v25_pro	MiMo v2.5 Pro	xiaomi/mimo-v2.5-pro	psych	psychometric_only	HEXACO_A_mean	unique_word_rate	50	-0.31065599418343826	0.31065599418343826
lsi	mimo_v25_pro	MiMo v2.5 Pro	xiaomi/mimo-v2.5-pro	psych	psychometric_only	HEXACO_A_mean	first_person_rate_per_1k	50	-0.3702397362466713	0.3702397362466713
lsi	mimo_v25_pro	MiMo v2.5 Pro	xiaomi/mimo-v2.5-pro	psych	psychometric_only	HEXACO_A_mean	we_rate_per_1k	50	0.13376366582513882	0.13376366582513882
lsi	mimo_v25_pro	MiMo v2.5 Pro	xiaomi/mimo-v2.5-pro	psych	psychometric_only	HEXACO_A_mean	social_word_rate_per_1k	50	0.21973971021292507	0.21973971021292507
lsi	mimo_v25_pro	MiMo v2.5 Pro	xiaomi/mimo-v2.5-pro	psych	psychometric_only	HEXACO_A_mean	exclamation_rate_per_1k	50	-0.11327068299066186	0.11327068299066186
lsi	mimo_v25_pro	MiMo v2.5 Pro	xiaomi/mimo-v2.5-pro	psych	psychometric_only	HEXACO_A_mean	question_rate_per_1k	50	-0.07108613618113452	0.07108613618113452
lsi	mimo_v25_pro	MiMo v2.5 Pro	xiaomi/mimo-v2.5-pro	psych	psychometric_only	HEXACO_A_mean	section_count	50		
lsi	mimo_v25_pro	MiMo v2.5 Pro	xiaomi/mimo-v2.5-pro	psych	psychometric_only	HEXACO_A_mean	section_words_mean	50	0.27583890180149023	0.27583890180149023
lsi	mimo_v25_pro	MiMo v2.5 Pro	xiaomi/mimo-v2.5-pro	psych	psychometric_only	HEXACO_A_mean	section_words_sd	50	0.15137093715539696	0.15137093715539696
lsi	mimo_v25_pro	MiMo v2.5 Pro	xiaomi/mimo-v2.5-pro	psych	psychometric_only	HEXACO_A_mean	section_words_cv	50	0.011169811582852554	0.011169811582852554
lsi	mimo_v25_pro	MiMo v2.5 Pro	xiaomi/mimo-v2.5-pro	psych	psychometric_only	HEXACO_C_mean	total_words	50	0.20700747242265113	0.20700747242265113
lsi	mimo_v25_pro	MiMo v2.5 Pro	xiaomi/mimo-v2.5-pro	psych	psychometric_only	HEXACO_C_mean	unique_word_rate	50	-0.05615315733968315	0.05615315733968315
lsi	mimo_v25_pro	MiMo v2.5 Pro	xiaomi/mimo-v2.5-pro	psych	psychometric_only	HEXACO_C_mean	first_person_rate_per_1k	50	0.04938818867642263	0.04938818867642263
lsi	mimo_v25_pro	MiMo v2.5 Pro	xiaomi/mimo-v2.5-pro	psych	psychometric_only	HEXACO_C_mean	we_rate_per_1k	50	-0.0556400477684758	0.0556400477684758
lsi	mimo_v25_pro	MiMo v2.5 Pro	xiaomi/mimo-v2.5-pro	psych	psychometric_only	HEXACO_C_mean	social_word_rate_per_1k	50	-0.05262347687271204	0.05262347687271204
lsi	mimo_v25_pro	MiMo v2.5 Pro	xiaomi/mimo-v2.5-pro	psych	psychometric_only	HEXACO_C_mean	exclamation_rate_per_1k	50	0.05512587119222803	0.05512587119222803
lsi	mimo_v25_pro	MiMo v2.5 Pro	xiaomi/mimo-v2.5-pro	psych	psychometric_only	HEXACO_C_mean	question_rate_per_1k	50	0.02981346411872478	0.02981346411872478
lsi	mimo_v25_pro	MiMo v2.5 Pro	xiaomi/mimo-v2.5-pro	psych	psychometric_only	HEXACO_C_mean	section_count	50		
lsi	mimo_v25_pro	MiMo v2.5 Pro	xiaomi/mimo-v2.5-pro	psych	psychometric_only	HEXACO_C_mean	section_words_mean	50	0.20700747242265113	0.20700747242265113
lsi	mimo_v25_pro	MiMo v2.5 Pro	xiaomi/mimo-v2.5-pro	psych	psychometric_only	HEXACO_C_mean	section_words_sd	50	-0.009123996474879955	0.009123996474879955
lsi	mimo_v25_pro	MiMo v2.5 Pro	xiaomi/mimo-v2.5-pro	psych	psychometric_only	HEXACO_C_mean	section_words_cv	50	-0.20477554594082106	0.20477554594082106
lsi	mimo_v25_pro	MiMo v2.5 Pro	xiaomi/mimo-v2.5-pro	psych	psychometric_only	HEXACO_OP_mean	total_words	50	0.16850048298718284	0.16850048298718284
lsi	mimo_v25_pro	MiMo v2.5 Pro	xiaomi/mimo-v2.5-pro	psych	psychometric_only	HEXACO_OP_mean	unique_word_rate	50	0.0846001348447358	0.0846001348447358
lsi	mimo_v25_pro	MiMo v2.5 Pro	xiaomi/mimo-v2.5-pro	psych	psychometric_only	HEXACO_OP_mean	first_person_rate_per_1k	50	-0.1683618668164228	0.1683618668164228
lsi	mimo_v25_pro	MiMo v2.5 Pro	xiaomi/mimo-v2.5-pro	psych	psychometric_only	HEXACO_OP_mean	we_rate_per_1k	50	-0.0013954868354780954	0.0013954868354780954
lsi	mimo_v25_pro	MiMo v2.5 Pro	xiaomi/mimo-v2.5-pro	psych	psychometric_only	HEXACO_OP_mean	social_word_rate_per_1k	50	0.10153705848973849	0.10153705848973849
lsi	mimo_v25_pro	MiMo v2.5 Pro	xiaomi/mimo-v2.5-pro	psych	psychometric_only	HEXACO_OP_mean	exclamation_rate_per_1k	50	-0.041855999244438745	0.041855999244438745
lsi	mimo_v25_pro	MiMo v2.5 Pro	xiaomi/mimo-v2.5-pro	psych	psychometric_only	HEXACO_OP_mean	question_rate_per_1k	50	-0.20981836493719885	0.20981836493719885
lsi	mimo_v25_pro	MiMo v2.5 Pro	xiaomi/mimo-v2.5-pro	psych	psychometric_only	HEXACO_OP_mean	section_count	50		
lsi	mimo_v25_pro	MiMo v2.5 Pro	xiaomi/mimo-v2.5-pro	psych	psychometric_only	HEXACO_OP_mean	section_words_mean	50	0.16850048298718284	0.16850048298718284
lsi	mimo_v25_pro	MiMo v2.5 Pro	xiaomi/mimo-v2.5-pro	psych	psychometric_only	HEXACO_OP_mean	section_words_sd	50	0.0896426912084904	0.0896426912084904
lsi	mimo_v25_pro	MiMo v2.5 Pro	xiaomi/mimo-v2.5-pro	psych	psychometric_only	HEXACO_OP_mean	section_words_cv	50	-0.03102042113345928	0.03102042113345928
lsi	minimax_m27	MiniMax M2.7	minimax/minimax-m2.7	interwoven	interwoven_biography	HEXACO_HH_mean	total_words	50	-0.09580636722914387	0.09580636722914387
lsi	minimax_m27	MiniMax M2.7	minimax/minimax-m2.7	interwoven	interwoven_biography	HEXACO_HH_mean	unique_word_rate	50	0.1929292911601352	0.1929292911601352
lsi	minimax_m27	MiniMax M2.7	minimax/minimax-m2.7	interwoven	interwoven_biography	HEXACO_HH_mean	first_person_rate_per_1k	50	-0.3127175031713926	0.3127175031713926
lsi	minimax_m27	MiniMax M2.7	minimax/minimax-m2.7	interwoven	interwoven_biography	HEXACO_HH_mean	we_rate_per_1k	50	0.20252657853827238	0.20252657853827238
lsi	minimax_m27	MiniMax M2.7	minimax/minimax-m2.7	interwoven	interwoven_biography	HEXACO_HH_mean	social_word_rate_per_1k	50	0.11896731000882942	0.11896731000882942
lsi	minimax_m27	MiniMax M2.7	minimax/minimax-m2.7	interwoven	interwoven_biography	HEXACO_HH_mean	exclamation_rate_per_1k	50		
lsi	minimax_m27	MiniMax M2.7	minimax/minimax-m2.7	interwoven	interwoven_biography	HEXACO_HH_mean	question_rate_per_1k	50	0.22131087610854694	0.22131087610854694
lsi	minimax_m27	MiniMax M2.7	minimax/minimax-m2.7	interwoven	interwoven_biography	HEXACO_HH_mean	section_count	50	-0.09546348092692307	0.09546348092692307
lsi	minimax_m27	MiniMax M2.7	minimax/minimax-m2.7	interwoven	interwoven_biography	HEXACO_HH_mean	section_words_mean	50	-0.05044456775700168	0.05044456775700168
lsi	minimax_m27	MiniMax M2.7	minimax/minimax-m2.7	interwoven	interwoven_biography	HEXACO_HH_mean	section_words_sd	50	-0.1630414796101379	0.1630414796101379
lsi	minimax_m27	MiniMax M2.7	minimax/minimax-m2.7	interwoven	interwoven_biography	HEXACO_HH_mean	section_words_cv	50	-0.1673475377240041	0.1673475377240041
lsi	minimax_m27	MiniMax M2.7	minimax/minimax-m2.7	interwoven	interwoven_biography	HEXACO_E_mean	total_words	50	0.05301699247568756	0.05301699247568756
lsi	minimax_m27	MiniMax M2.7	minimax/minimax-m2.7	interwoven	interwoven_biography	HEXACO_E_mean	unique_word_rate	50	-0.1337030137156508	0.1337030137156508
lsi	minimax_m27	MiniMax M2.7	minimax/minimax-m2.7	interwoven	interwoven_biography	HEXACO_E_mean	first_person_rate_per_1k	50	-0.016184600095532777	0.016184600095532777
lsi	minimax_m27	MiniMax M2.7	minimax/minimax-m2.7	interwoven	interwoven_biography	HEXACO_E_mean	we_rate_per_1k	50	0.14171855213465687	0.14171855213465687
lsi	minimax_m27	MiniMax M2.7	minimax/minimax-m2.7	interwoven	interwoven_biography	HEXACO_E_mean	social_word_rate_per_1k	50	0.014850762222217753	0.014850762222217753
lsi	minimax_m27	MiniMax M2.7	minimax/minimax-m2.7	interwoven	interwoven_biography	HEXACO_E_mean	exclamation_rate_per_1k	50		
lsi	minimax_m27	MiniMax M2.7	minimax/minimax-m2.7	interwoven	interwoven_biography	HEXACO_E_mean	question_rate_per_1k	50	0.05073084908130516	0.05073084908130516
lsi	minimax_m27	MiniMax M2.7	minimax/minimax-m2.7	interwoven	interwoven_biography	HEXACO_E_mean	section_count	50	0.04538686986402583	0.04538686986402583
lsi	minimax_m27	MiniMax M2.7	minimax/minimax-m2.7	interwoven	interwoven_biography	HEXACO_E_mean	section_words_mean	50	0.03063546599445896	0.03063546599445896
lsi	minimax_m27	MiniMax M2.7	minimax/minimax-m2.7	interwoven	interwoven_biography	HEXACO_E_mean	section_words_sd	50	-0.11104669385285403	0.11104669385285403
lsi	minimax_m27	MiniMax M2.7	minimax/minimax-m2.7	interwoven	interwoven_biography	HEXACO_E_mean	section_words_cv	50	-0.08479023273872917	0.08479023273872917
lsi	minimax_m27	MiniMax M2.7	minimax/minimax-m2.7	interwoven	interwoven_biography	HEXACO_EX_mean	total_words	50	0.06932751468873478	0.06932751468873478
lsi	minimax_m27	MiniMax M2.7	minimax/minimax-m2.7	interwoven	interwoven_biography	HEXACO_EX_mean	unique_word_rate	50	0.02389096583997214	0.02389096583997214
lsi	minimax_m27	MiniMax M2.7	minimax/minimax-m2.7	interwoven	interwoven_biography	HEXACO_EX_mean	first_person_rate_per_1k	50	-0.16397674615664906	0.16397674615664906
lsi	minimax_m27	MiniMax M2.7	minimax/minimax-m2.7	interwoven	interwoven_biography	HEXACO_EX_mean	we_rate_per_1k	50	0.09981693565824476	0.09981693565824476
lsi	minimax_m27	MiniMax M2.7	minimax/minimax-m2.7	interwoven	interwoven_biography	HEXACO_EX_mean	social_word_rate_per_1k	50	0.3058312615310945	0.3058312615310945
lsi	minimax_m27	MiniMax M2.7	minimax/minimax-m2.7	interwoven	interwoven_biography	HEXACO_EX_mean	exclamation_rate_per_1k	50		
lsi	minimax_m27	MiniMax M2.7	minimax/minimax-m2.7	interwoven	interwoven_biography	HEXACO_EX_mean	question_rate_per_1k	50	0.18792079424713615	0.18792079424713615
lsi	minimax_m27	MiniMax M2.7	minimax/minimax-m2.7	interwoven	interwoven_biography	HEXACO_EX_mean	section_count	50	-0.13035334865759726	0.13035334865759726
lsi	minimax_m27	MiniMax M2.7	minimax/minimax-m2.7	interwoven	interwoven_biography	HEXACO_EX_mean	section_words_mean	50	0.10942677324565298	0.10942677324565298
lsi	minimax_m27	MiniMax M2.7	minimax/minimax-m2.7	interwoven	interwoven_biography	HEXACO_EX_mean	section_words_sd	50	-0.02769359726567583	0.02769359726567583
lsi	minimax_m27	MiniMax M2.7	minimax/minimax-m2.7	interwoven	interwoven_biography	HEXACO_EX_mean	section_words_cv	50	-0.13663662438637475	0.13663662438637475
lsi	minimax_m27	MiniMax M2.7	minimax/minimax-m2.7	interwoven	interwoven_biography	HEXACO_A_mean	total_words	50	-0.16618793654078406	0.16618793654078406
lsi	minimax_m27	MiniMax M2.7	minimax/minimax-m2.7	interwoven	interwoven_biography	HEXACO_A_mean	unique_word_rate	50	0.23781433218091821	0.23781433218091821
lsi	minimax_m27	MiniMax M2.7	minimax/minimax-m2.7	interwoven	interwoven_biography	HEXACO_A_mean	first_person_rate_per_1k	50	-0.4405078996545818	0.4405078996545818
lsi	minimax_m27	MiniMax M2.7	minimax/minimax-m2.7	interwoven	interwoven_biography	HEXACO_A_mean	we_rate_per_1k	50	0.18136843122745297	0.18136843122745297
lsi	minimax_m27	MiniMax M2.7	minimax/minimax-m2.7	interwoven	interwoven_biography	HEXACO_A_mean	social_word_rate_per_1k	50	0.10215422939720664	0.10215422939720664
lsi	minimax_m27	MiniMax M2.7	minimax/minimax-m2.7	interwoven	interwoven_biography	HEXACO_A_mean	exclamation_rate_per_1k	50		
lsi	minimax_m27	MiniMax M2.7	minimax/minimax-m2.7	interwoven	interwoven_biography	HEXACO_A_mean	question_rate_per_1k	50	0.14829104773706975	0.14829104773706975
lsi	minimax_m27	MiniMax M2.7	minimax/minimax-m2.7	interwoven	interwoven_biography	HEXACO_A_mean	section_count	50	-0.07197936830340261	0.07197936830340261
lsi	minimax_m27	MiniMax M2.7	minimax/minimax-m2.7	interwoven	interwoven_biography	HEXACO_A_mean	section_words_mean	50	-0.12173286715818551	0.12173286715818551
lsi	minimax_m27	MiniMax M2.7	minimax/minimax-m2.7	interwoven	interwoven_biography	HEXACO_A_mean	section_words_sd	50	-0.09936101994012217	0.09936101994012217
lsi	minimax_m27	MiniMax M2.7	minimax/minimax-m2.7	interwoven	interwoven_biography	HEXACO_A_mean	section_words_cv	50	-0.10902799192621333	0.10902799192621333
lsi	minimax_m27	MiniMax M2.7	minimax/minimax-m2.7	interwoven	interwoven_biography	HEXACO_C_mean	total_words	50	0.07404613689183104	0.07404613689183104
lsi	minimax_m27	MiniMax M2.7	minimax/minimax-m2.7	interwoven	interwoven_biography	HEXACO_C_mean	unique_word_rate	50	-0.0400785608213346	0.0400785608213346
lsi	minimax_m27	MiniMax M2.7	minimax/minimax-m2.7	interwoven	interwoven_biography	HEXACO_C_mean	first_person_rate_per_1k	50	0.03308756773090613	0.03308756773090613
lsi	minimax_m27	MiniMax M2.7	minimax/minimax-m2.7	interwoven	interwoven_biography	HEXACO_C_mean	we_rate_per_1k	50	-0.09329073773963484	0.09329073773963484
lsi	minimax_m27	MiniMax M2.7	minimax/minimax-m2.7	interwoven	interwoven_biography	HEXACO_C_mean	social_word_rate_per_1k	50	-0.08696202358268053	0.08696202358268053
lsi	minimax_m27	MiniMax M2.7	minimax/minimax-m2.7	interwoven	interwoven_biography	HEXACO_C_mean	exclamation_rate_per_1k	50		
lsi	minimax_m27	MiniMax M2.7	minimax/minimax-m2.7	interwoven	interwoven_biography	HEXACO_C_mean	question_rate_per_1k	50	0.04999403364974696	0.04999403364974696
lsi	minimax_m27	MiniMax M2.7	minimax/minimax-m2.7	interwoven	interwoven_biography	HEXACO_C_mean	section_count	50	-0.26158625909703154	0.26158625909703154
lsi	minimax_m27	MiniMax M2.7	minimax/minimax-m2.7	interwoven	interwoven_biography	HEXACO_C_mean	section_words_mean	50	0.16161673197812282	0.16161673197812282
lsi	minimax_m27	MiniMax M2.7	minimax/minimax-m2.7	interwoven	interwoven_biography	HEXACO_C_mean	section_words_sd	50	0.19644054905407599	0.19644054905407599
lsi	minimax_m27	MiniMax M2.7	minimax/minimax-m2.7	interwoven	interwoven_biography	HEXACO_C_mean	section_words_cv	50	-0.05145853168724033	0.05145853168724033
lsi	minimax_m27	MiniMax M2.7	minimax/minimax-m2.7	interwoven	interwoven_biography	HEXACO_OP_mean	total_words	50	0.1809831807652519	0.1809831807652519
lsi	minimax_m27	MiniMax M2.7	minimax/minimax-m2.7	interwoven	interwoven_biography	HEXACO_OP_mean	unique_word_rate	50	-0.016336048945563703	0.016336048945563703
lsi	minimax_m27	MiniMax M2.7	minimax/minimax-m2.7	interwoven	interwoven_biography	HEXACO_OP_mean	first_person_rate_per_1k	50	-0.014949948857448549	0.014949948857448549
lsi	minimax_m27	MiniMax M2.7	minimax/minimax-m2.7	interwoven	interwoven_biography	HEXACO_OP_mean	we_rate_per_1k	50	0.005509941988540753	0.005509941988540753
lsi	minimax_m27	MiniMax M2.7	minimax/minimax-m2.7	interwoven	interwoven_biography	HEXACO_OP_mean	social_word_rate_per_1k	50	-0.06958897957196458	0.06958897957196458
lsi	minimax_m27	MiniMax M2.7	minimax/minimax-m2.7	interwoven	interwoven_biography	HEXACO_OP_mean	exclamation_rate_per_1k	50		
lsi	minimax_m27	MiniMax M2.7	minimax/minimax-m2.7	interwoven	interwoven_biography	HEXACO_OP_mean	question_rate_per_1k	50	0.07450868610828351	0.07450868610828351
lsi	minimax_m27	MiniMax M2.7	minimax/minimax-m2.7	interwoven	interwoven_biography	HEXACO_OP_mean	section_count	50	0.005616470975845699	0.005616470975845699
lsi	minimax_m27	MiniMax M2.7	minimax/minimax-m2.7	interwoven	interwoven_biography	HEXACO_OP_mean	section_words_mean	50	0.15917964757962225	0.15917964757962225
lsi	minimax_m27	MiniMax M2.7	minimax/minimax-m2.7	interwoven	interwoven_biography	HEXACO_OP_mean	section_words_sd	50	0.17609263928163493	0.17609263928163493
lsi	minimax_m27	MiniMax M2.7	minimax/minimax-m2.7	interwoven	interwoven_biography	HEXACO_OP_mean	section_words_cv	50	0.10201236669641411	0.10201236669641411
lsi	minimax_m27	MiniMax M2.7	minimax/minimax-m2.7	psych	psychometric_only	HEXACO_HH_mean	total_words	50	0.18375922823511023	0.18375922823511023
lsi	minimax_m27	MiniMax M2.7	minimax/minimax-m2.7	psych	psychometric_only	HEXACO_HH_mean	unique_word_rate	50	-0.2843670090643946	0.2843670090643946
lsi	minimax_m27	MiniMax M2.7	minimax/minimax-m2.7	psych	psychometric_only	HEXACO_HH_mean	first_person_rate_per_1k	50	-0.21935497277781585	0.21935497277781585
lsi	minimax_m27	MiniMax M2.7	minimax/minimax-m2.7	psych	psychometric_only	HEXACO_HH_mean	we_rate_per_1k	50	0.015429051062327191	0.015429051062327191
lsi	minimax_m27	MiniMax M2.7	minimax/minimax-m2.7	psych	psychometric_only	HEXACO_HH_mean	social_word_rate_per_1k	50	-0.0388841123391323	0.0388841123391323
lsi	minimax_m27	MiniMax M2.7	minimax/minimax-m2.7	psych	psychometric_only	HEXACO_HH_mean	exclamation_rate_per_1k	50		
lsi	minimax_m27	MiniMax M2.7	minimax/minimax-m2.7	psych	psychometric_only	HEXACO_HH_mean	question_rate_per_1k	50	-0.06719115166246886	0.06719115166246886
lsi	minimax_m27	MiniMax M2.7	minimax/minimax-m2.7	psych	psychometric_only	HEXACO_HH_mean	section_count	50	0.03211345892038488	0.03211345892038488
lsi	minimax_m27	MiniMax M2.7	minimax/minimax-m2.7	psych	psychometric_only	HEXACO_HH_mean	section_words_mean	50	0.1638935854207367	0.1638935854207367
lsi	minimax_m27	MiniMax M2.7	minimax/minimax-m2.7	psych	psychometric_only	HEXACO_HH_mean	section_words_sd	50	-0.019012486160787937	0.019012486160787937
lsi	minimax_m27	MiniMax M2.7	minimax/minimax-m2.7	psych	psychometric_only	HEXACO_HH_mean	section_words_cv	50	-0.05625456903308033	0.05625456903308033
lsi	minimax_m27	MiniMax M2.7	minimax/minimax-m2.7	psych	psychometric_only	HEXACO_E_mean	total_words	50	0.29182505296450134	0.29182505296450134
lsi	minimax_m27	MiniMax M2.7	minimax/minimax-m2.7	psych	psychometric_only	HEXACO_E_mean	unique_word_rate	50	-0.23556704990023025	0.23556704990023025
lsi	minimax_m27	MiniMax M2.7	minimax/minimax-m2.7	psych	psychometric_only	HEXACO_E_mean	first_person_rate_per_1k	50	0.0027175231134809914	0.0027175231134809914
lsi	minimax_m27	MiniMax M2.7	minimax/minimax-m2.7	psych	psychometric_only	HEXACO_E_mean	we_rate_per_1k	50	0.10782847000395383	0.10782847000395383
lsi	minimax_m27	MiniMax M2.7	minimax/minimax-m2.7	psych	psychometric_only	HEXACO_E_mean	social_word_rate_per_1k	50	-0.013698821539682183	0.013698821539682183
lsi	minimax_m27	MiniMax M2.7	minimax/minimax-m2.7	psych	psychometric_only	HEXACO_E_mean	exclamation_rate_per_1k	50		
lsi	minimax_m27	MiniMax M2.7	minimax/minimax-m2.7	psych	psychometric_only	HEXACO_E_mean	question_rate_per_1k	50	0.1800184004835265	0.1800184004835265
lsi	minimax_m27	MiniMax M2.7	minimax/minimax-m2.7	psych	psychometric_only	HEXACO_E_mean	section_count	50	0.26181401599218246	0.26181401599218246
lsi	minimax_m27	MiniMax M2.7	minimax/minimax-m2.7	psych	psychometric_only	HEXACO_E_mean	section_words_mean	50	-0.06701347281020957	0.06701347281020957
lsi	minimax_m27	MiniMax M2.7	minimax/minimax-m2.7	psych	psychometric_only	HEXACO_E_mean	section_words_sd	50	0.015431001041994978	0.015431001041994978
lsi	minimax_m27	MiniMax M2.7	minimax/minimax-m2.7	psych	psychometric_only	HEXACO_E_mean	section_words_cv	50	0.18938853946076706	0.18938853946076706
lsi	minimax_m27	MiniMax M2.7	minimax/minimax-m2.7	psych	psychometric_only	HEXACO_EX_mean	total_words	50	0.16948271448677515	0.16948271448677515
lsi	minimax_m27	MiniMax M2.7	minimax/minimax-m2.7	psych	psychometric_only	HEXACO_EX_mean	unique_word_rate	50	-0.11104671877462283	0.11104671877462283
lsi	minimax_m27	MiniMax M2.7	minimax/minimax-m2.7	psych	psychometric_only	HEXACO_EX_mean	first_person_rate_per_1k	50	-0.21687091526995586	0.21687091526995586
lsi	minimax_m27	MiniMax M2.7	minimax/minimax-m2.7	psych	psychometric_only	HEXACO_EX_mean	we_rate_per_1k	50	0.25412223981047316	0.25412223981047316
lsi	minimax_m27	MiniMax M2.7	minimax/minimax-m2.7	psych	psychometric_only	HEXACO_EX_mean	social_word_rate_per_1k	50	0.22833839062417802	0.22833839062417802
lsi	minimax_m27	MiniMax M2.7	minimax/minimax-m2.7	psych	psychometric_only	HEXACO_EX_mean	exclamation_rate_per_1k	50		
lsi	minimax_m27	MiniMax M2.7	minimax/minimax-m2.7	psych	psychometric_only	HEXACO_EX_mean	question_rate_per_1k	50	0.23975813390989925	0.23975813390989925
lsi	minimax_m27	MiniMax M2.7	minimax/minimax-m2.7	psych	psychometric_only	HEXACO_EX_mean	section_count	50	0.07247200287000732	0.07247200287000732
lsi	minimax_m27	MiniMax M2.7	minimax/minimax-m2.7	psych	psychometric_only	HEXACO_EX_mean	section_words_mean	50	0.024565025358732326	0.024565025358732326
lsi	minimax_m27	MiniMax M2.7	minimax/minimax-m2.7	psych	psychometric_only	HEXACO_EX_mean	section_words_sd	50	0.15356628765868668	0.15356628765868668
lsi	minimax_m27	MiniMax M2.7	minimax/minimax-m2.7	psych	psychometric_only	HEXACO_EX_mean	section_words_cv	50	0.15381708012600603	0.15381708012600603
lsi	minimax_m27	MiniMax M2.7	minimax/minimax-m2.7	psych	psychometric_only	HEXACO_A_mean	total_words	50	0.12765170047562596	0.12765170047562596
lsi	minimax_m27	MiniMax M2.7	minimax/minimax-m2.7	psych	psychometric_only	HEXACO_A_mean	unique_word_rate	50	-0.07940481253189555	0.07940481253189555
lsi	minimax_m27	MiniMax M2.7	minimax/minimax-m2.7	psych	psychometric_only	HEXACO_A_mean	first_person_rate_per_1k	50	-0.14544829292427072	0.14544829292427072
lsi	minimax_m27	MiniMax M2.7	minimax/minimax-m2.7	psych	psychometric_only	HEXACO_A_mean	we_rate_per_1k	50	-0.03951779355799975	0.03951779355799975
lsi	minimax_m27	MiniMax M2.7	minimax/minimax-m2.7	psych	psychometric_only	HEXACO_A_mean	social_word_rate_per_1k	50	0.1009545043651004	0.1009545043651004
lsi	minimax_m27	MiniMax M2.7	minimax/minimax-m2.7	psych	psychometric_only	HEXACO_A_mean	exclamation_rate_per_1k	50		
lsi	minimax_m27	MiniMax M2.7	minimax/minimax-m2.7	psych	psychometric_only	HEXACO_A_mean	question_rate_per_1k	50	0.15375891733402824	0.15375891733402824
lsi	minimax_m27	MiniMax M2.7	minimax/minimax-m2.7	psych	psychometric_only	HEXACO_A_mean	section_count	50	-0.013735551971808799	0.013735551971808799
lsi	minimax_m27	MiniMax M2.7	minimax/minimax-m2.7	psych	psychometric_only	HEXACO_A_mean	section_words_mean	50	0.15680618212060182	0.15680618212060182
lsi	minimax_m27	MiniMax M2.7	minimax/minimax-m2.7	psych	psychometric_only	HEXACO_A_mean	section_words_sd	50	0.1968099770944235	0.1968099770944235
lsi	minimax_m27	MiniMax M2.7	minimax/minimax-m2.7	psych	psychometric_only	HEXACO_A_mean	section_words_cv	50	0.05608761132231884	0.05608761132231884
lsi	minimax_m27	MiniMax M2.7	minimax/minimax-m2.7	psych	psychometric_only	HEXACO_C_mean	total_words	50	0.1279716555253173	0.1279716555253173
lsi	minimax_m27	MiniMax M2.7	minimax/minimax-m2.7	psych	psychometric_only	HEXACO_C_mean	unique_word_rate	50	0.0748392425644662	0.0748392425644662
lsi	minimax_m27	MiniMax M2.7	minimax/minimax-m2.7	psych	psychometric_only	HEXACO_C_mean	first_person_rate_per_1k	50	0.052387580235967006	0.052387580235967006
lsi	minimax_m27	MiniMax M2.7	minimax/minimax-m2.7	psych	psychometric_only	HEXACO_C_mean	we_rate_per_1k	50	-0.2398735033301594	0.2398735033301594
lsi	minimax_m27	MiniMax M2.7	minimax/minimax-m2.7	psych	psychometric_only	HEXACO_C_mean	social_word_rate_per_1k	50	-0.09054485913346257	0.09054485913346257
lsi	minimax_m27	MiniMax M2.7	minimax/minimax-m2.7	psych	psychometric_only	HEXACO_C_mean	exclamation_rate_per_1k	50		
lsi	minimax_m27	MiniMax M2.7	minimax/minimax-m2.7	psych	psychometric_only	HEXACO_C_mean	question_rate_per_1k	50	0.0070483333213426334	0.0070483333213426334
lsi	minimax_m27	MiniMax M2.7	minimax/minimax-m2.7	psych	psychometric_only	HEXACO_C_mean	section_count	50	0.1431914939512914	0.1431914939512914
lsi	minimax_m27	MiniMax M2.7	minimax/minimax-m2.7	psych	psychometric_only	HEXACO_C_mean	section_words_mean	50	-0.06264864743539798	0.06264864743539798
lsi	minimax_m27	MiniMax M2.7	minimax/minimax-m2.7	psych	psychometric_only	HEXACO_C_mean	section_words_sd	50	-0.026512872039086408	0.026512872039086408
lsi	minimax_m27	MiniMax M2.7	minimax/minimax-m2.7	psych	psychometric_only	HEXACO_C_mean	section_words_cv	50	0.09893217320132262	0.09893217320132262
lsi	minimax_m27	MiniMax M2.7	minimax/minimax-m2.7	psych	psychometric_only	HEXACO_OP_mean	total_words	50	-0.04586123529925065	0.04586123529925065
lsi	minimax_m27	MiniMax M2.7	minimax/minimax-m2.7	psych	psychometric_only	HEXACO_OP_mean	unique_word_rate	50	0.1491136467547166	0.1491136467547166
lsi	minimax_m27	MiniMax M2.7	minimax/minimax-m2.7	psych	psychometric_only	HEXACO_OP_mean	first_person_rate_per_1k	50	-0.05939396154400003	0.05939396154400003
lsi	minimax_m27	MiniMax M2.7	minimax/minimax-m2.7	psych	psychometric_only	HEXACO_OP_mean	we_rate_per_1k	50	-0.24616681212587338	0.24616681212587338
lsi	minimax_m27	MiniMax M2.7	minimax/minimax-m2.7	psych	psychometric_only	HEXACO_OP_mean	social_word_rate_per_1k	50	-0.06139638249126207	0.06139638249126207
lsi	minimax_m27	MiniMax M2.7	minimax/minimax-m2.7	psych	psychometric_only	HEXACO_OP_mean	exclamation_rate_per_1k	50		
lsi	minimax_m27	MiniMax M2.7	minimax/minimax-m2.7	psych	psychometric_only	HEXACO_OP_mean	question_rate_per_1k	50	0.17223369375661507	0.17223369375661507
lsi	minimax_m27	MiniMax M2.7	minimax/minimax-m2.7	psych	psychometric_only	HEXACO_OP_mean	section_count	50	-0.07644528622029148	0.07644528622029148
lsi	minimax_m27	MiniMax M2.7	minimax/minimax-m2.7	psych	psychometric_only	HEXACO_OP_mean	section_words_mean	50	0.008474089109721378	0.008474089109721378
lsi	minimax_m27	MiniMax M2.7	minimax/minimax-m2.7	psych	psychometric_only	HEXACO_OP_mean	section_words_sd	50	0.16838213531881732	0.16838213531881732
lsi	minimax_m27	MiniMax M2.7	minimax/minimax-m2.7	psych	psychometric_only	HEXACO_OP_mean	section_words_cv	50	0.0797187477675349	0.0797187477675349
lsi	minimax_m3	MiniMax M3	minimax/minimax-m3	interwoven	interwoven_biography	HEXACO_HH_mean	total_words	50	0.14165511313588072	0.14165511313588072
lsi	minimax_m3	MiniMax M3	minimax/minimax-m3	interwoven	interwoven_biography	HEXACO_HH_mean	unique_word_rate	50	-0.1763367821405166	0.1763367821405166
lsi	minimax_m3	MiniMax M3	minimax/minimax-m3	interwoven	interwoven_biography	HEXACO_HH_mean	first_person_rate_per_1k	50	-0.12666653639370604	0.12666653639370604
lsi	minimax_m3	MiniMax M3	minimax/minimax-m3	interwoven	interwoven_biography	HEXACO_HH_mean	we_rate_per_1k	50	0.1698048808093739	0.1698048808093739
lsi	minimax_m3	MiniMax M3	minimax/minimax-m3	interwoven	interwoven_biography	HEXACO_HH_mean	social_word_rate_per_1k	50	0.2057939131396606	0.2057939131396606
lsi	minimax_m3	MiniMax M3	minimax/minimax-m3	interwoven	interwoven_biography	HEXACO_HH_mean	exclamation_rate_per_1k	50		
lsi	minimax_m3	MiniMax M3	minimax/minimax-m3	interwoven	interwoven_biography	HEXACO_HH_mean	question_rate_per_1k	50	0.000987014651989266	0.000987014651989266
lsi	minimax_m3	MiniMax M3	minimax/minimax-m3	interwoven	interwoven_biography	HEXACO_HH_mean	section_count	50	-0.20368616966518915	0.20368616966518915
lsi	minimax_m3	MiniMax M3	minimax/minimax-m3	interwoven	interwoven_biography	HEXACO_HH_mean	section_words_mean	50	0.2524819053139375	0.2524819053139375
lsi	minimax_m3	MiniMax M3	minimax/minimax-m3	interwoven	interwoven_biography	HEXACO_HH_mean	section_words_sd	50	0.05450348941781803	0.05450348941781803
lsi	minimax_m3	MiniMax M3	minimax/minimax-m3	interwoven	interwoven_biography	HEXACO_HH_mean	section_words_cv	50	-0.18634623208441542	0.18634623208441542
lsi	minimax_m3	MiniMax M3	minimax/minimax-m3	interwoven	interwoven_biography	HEXACO_E_mean	total_words	50	0.30601513795806584	0.30601513795806584
lsi	minimax_m3	MiniMax M3	minimax/minimax-m3	interwoven	interwoven_biography	HEXACO_E_mean	unique_word_rate	50	-0.34667029315416253	0.34667029315416253
lsi	minimax_m3	MiniMax M3	minimax/minimax-m3	interwoven	interwoven_biography	HEXACO_E_mean	first_person_rate_per_1k	50	0.19567742657026427	0.19567742657026427
lsi	minimax_m3	MiniMax M3	minimax/minimax-m3	interwoven	interwoven_biography	HEXACO_E_mean	we_rate_per_1k	50	0.3973428396655782	0.3973428396655782
lsi	minimax_m3	MiniMax M3	minimax/minimax-m3	interwoven	interwoven_biography	HEXACO_E_mean	social_word_rate_per_1k	50	0.15474879155011353	0.15474879155011353
lsi	minimax_m3	MiniMax M3	minimax/minimax-m3	interwoven	interwoven_biography	HEXACO_E_mean	exclamation_rate_per_1k	50		
lsi	minimax_m3	MiniMax M3	minimax/minimax-m3	interwoven	interwoven_biography	HEXACO_E_mean	question_rate_per_1k	50	0.26022080835544753	0.26022080835544753
lsi	minimax_m3	MiniMax M3	minimax/minimax-m3	interwoven	interwoven_biography	HEXACO_E_mean	section_count	50	0.07110755925386332	0.07110755925386332
lsi	minimax_m3	MiniMax M3	minimax/minimax-m3	interwoven	interwoven_biography	HEXACO_E_mean	section_words_mean	50	0.2242919102582432	0.2242919102582432
lsi	minimax_m3	MiniMax M3	minimax/minimax-m3	interwoven	interwoven_biography	HEXACO_E_mean	section_words_sd	50	0.31468379885704534	0.31468379885704534
lsi	minimax_m3	MiniMax M3	minimax/minimax-m3	interwoven	interwoven_biography	HEXACO_E_mean	section_words_cv	50	0.07953906499028017	0.07953906499028017
lsi	minimax_m3	MiniMax M3	minimax/minimax-m3	interwoven	interwoven_biography	HEXACO_EX_mean	total_words	50	0.01592350984423897	0.01592350984423897
lsi	minimax_m3	MiniMax M3	minimax/minimax-m3	interwoven	interwoven_biography	HEXACO_EX_mean	unique_word_rate	50	0.006176599518021665	0.006176599518021665
lsi	minimax_m3	MiniMax M3	minimax/minimax-m3	interwoven	interwoven_biography	HEXACO_EX_mean	first_person_rate_per_1k	50	-0.12865357158568339	0.12865357158568339
lsi	minimax_m3	MiniMax M3	minimax/minimax-m3	interwoven	interwoven_biography	HEXACO_EX_mean	we_rate_per_1k	50	0.2579137558044209	0.2579137558044209
lsi	minimax_m3	MiniMax M3	minimax/minimax-m3	interwoven	interwoven_biography	HEXACO_EX_mean	social_word_rate_per_1k	50	0.06080009193090226	0.06080009193090226
lsi	minimax_m3	MiniMax M3	minimax/minimax-m3	interwoven	interwoven_biography	HEXACO_EX_mean	exclamation_rate_per_1k	50		
lsi	minimax_m3	MiniMax M3	minimax/minimax-m3	interwoven	interwoven_biography	HEXACO_EX_mean	question_rate_per_1k	50	0.07931087104402643	0.07931087104402643
lsi	minimax_m3	MiniMax M3	minimax/minimax-m3	interwoven	interwoven_biography	HEXACO_EX_mean	section_count	50	-0.07632630900643118	0.07632630900643118
lsi	minimax_m3	MiniMax M3	minimax/minimax-m3	interwoven	interwoven_biography	HEXACO_EX_mean	section_words_mean	50	0.06202147692397809	0.06202147692397809
lsi	minimax_m3	MiniMax M3	minimax/minimax-m3	interwoven	interwoven_biography	HEXACO_EX_mean	section_words_sd	50	-0.02675926720161216	0.02675926720161216
lsi	minimax_m3	MiniMax M3	minimax/minimax-m3	interwoven	interwoven_biography	HEXACO_EX_mean	section_words_cv	50	-0.08067664152687003	0.08067664152687003
lsi	minimax_m3	MiniMax M3	minimax/minimax-m3	interwoven	interwoven_biography	HEXACO_A_mean	total_words	50	0.2183189721396514	0.2183189721396514
lsi	minimax_m3	MiniMax M3	minimax/minimax-m3	interwoven	interwoven_biography	HEXACO_A_mean	unique_word_rate	50	-0.23247533599063772	0.23247533599063772
lsi	minimax_m3	MiniMax M3	minimax/minimax-m3	interwoven	interwoven_biography	HEXACO_A_mean	first_person_rate_per_1k	50	0.18292736051608977	0.18292736051608977
lsi	minimax_m3	MiniMax M3	minimax/minimax-m3	interwoven	interwoven_biography	HEXACO_A_mean	we_rate_per_1k	50	0.022616623062002232	0.022616623062002232
lsi	minimax_m3	MiniMax M3	minimax/minimax-m3	interwoven	interwoven_biography	HEXACO_A_mean	social_word_rate_per_1k	50	0.18542934714219883	0.18542934714219883
lsi	minimax_m3	MiniMax M3	minimax/minimax-m3	interwoven	interwoven_biography	HEXACO_A_mean	exclamation_rate_per_1k	50		
lsi	minimax_m3	MiniMax M3	minimax/minimax-m3	interwoven	interwoven_biography	HEXACO_A_mean	question_rate_per_1k	50	0.05712119924507101	0.05712119924507101
lsi	minimax_m3	MiniMax M3	minimax/minimax-m3	interwoven	interwoven_biography	HEXACO_A_mean	section_count	50	-0.06843307534703084	0.06843307534703084
lsi	minimax_m3	MiniMax M3	minimax/minimax-m3	interwoven	interwoven_biography	HEXACO_A_mean	section_words_mean	50	0.2252635044101412	0.2252635044101412
lsi	minimax_m3	MiniMax M3	minimax/minimax-m3	interwoven	interwoven_biography	HEXACO_A_mean	section_words_sd	50	0.26023403398395223	0.26023403398395223
lsi	minimax_m3	MiniMax M3	minimax/minimax-m3	interwoven	interwoven_biography	HEXACO_A_mean	section_words_cv	50	0.05483359008066308	0.05483359008066308
lsi	minimax_m3	MiniMax M3	minimax/minimax-m3	interwoven	interwoven_biography	HEXACO_C_mean	total_words	50	-0.032962628883556055	0.032962628883556055
lsi	minimax_m3	MiniMax M3	minimax/minimax-m3	interwoven	interwoven_biography	HEXACO_C_mean	unique_word_rate	50	0.041614874821385935	0.041614874821385935
lsi	minimax_m3	MiniMax M3	minimax/minimax-m3	interwoven	interwoven_biography	HEXACO_C_mean	first_person_rate_per_1k	50	-0.11712872574867048	0.11712872574867048
lsi	minimax_m3	MiniMax M3	minimax/minimax-m3	interwoven	interwoven_biography	HEXACO_C_mean	we_rate_per_1k	50	-0.22052035753188032	0.22052035753188032
lsi	minimax_m3	MiniMax M3	minimax/minimax-m3	interwoven	interwoven_biography	HEXACO_C_mean	social_word_rate_per_1k	50	0.04425747420822109	0.04425747420822109
lsi	minimax_m3	MiniMax M3	minimax/minimax-m3	interwoven	interwoven_biography	HEXACO_C_mean	exclamation_rate_per_1k	50		
lsi	minimax_m3	MiniMax M3	minimax/minimax-m3	interwoven	interwoven_biography	HEXACO_C_mean	question_rate_per_1k	50	0.1510047749895584	0.1510047749895584
lsi	minimax_m3	MiniMax M3	minimax/minimax-m3	interwoven	interwoven_biography	HEXACO_C_mean	section_count	50	-0.07829051992553414	0.07829051992553414
lsi	minimax_m3	MiniMax M3	minimax/minimax-m3	interwoven	interwoven_biography	HEXACO_C_mean	section_words_mean	50	0.03397893585494559	0.03397893585494559
lsi	minimax_m3	MiniMax M3	minimax/minimax-m3	interwoven	interwoven_biography	HEXACO_C_mean	section_words_sd	50	0.02004398310842224	0.02004398310842224
lsi	minimax_m3	MiniMax M3	minimax/minimax-m3	interwoven	interwoven_biography	HEXACO_C_mean	section_words_cv	50	-0.12548427271010099	0.12548427271010099
lsi	minimax_m3	MiniMax M3	minimax/minimax-m3	interwoven	interwoven_biography	HEXACO_OP_mean	total_words	50	0.03960871308760331	0.03960871308760331
lsi	minimax_m3	MiniMax M3	minimax/minimax-m3	interwoven	interwoven_biography	HEXACO_OP_mean	unique_word_rate	50	0.032491012624399906	0.032491012624399906
lsi	minimax_m3	MiniMax M3	minimax/minimax-m3	interwoven	interwoven_biography	HEXACO_OP_mean	first_person_rate_per_1k	50	-0.06981262464711444	0.06981262464711444
lsi	minimax_m3	MiniMax M3	minimax/minimax-m3	interwoven	interwoven_biography	HEXACO_OP_mean	we_rate_per_1k	50	0.04400326781966576	0.04400326781966576
lsi	minimax_m3	MiniMax M3	minimax/minimax-m3	interwoven	interwoven_biography	HEXACO_OP_mean	social_word_rate_per_1k	50	-0.004114199030608627	0.004114199030608627
lsi	minimax_m3	MiniMax M3	minimax/minimax-m3	interwoven	interwoven_biography	HEXACO_OP_mean	exclamation_rate_per_1k	50		
lsi	minimax_m3	MiniMax M3	minimax/minimax-m3	interwoven	interwoven_biography	HEXACO_OP_mean	question_rate_per_1k	50	0.09672021011350058	0.09672021011350058
lsi	minimax_m3	MiniMax M3	minimax/minimax-m3	interwoven	interwoven_biography	HEXACO_OP_mean	section_count	50	-0.09092629550631329	0.09092629550631329
lsi	minimax_m3	MiniMax M3	minimax/minimax-m3	interwoven	interwoven_biography	HEXACO_OP_mean	section_words_mean	50	0.09316265549668175	0.09316265549668175
lsi	minimax_m3	MiniMax M3	minimax/minimax-m3	interwoven	interwoven_biography	HEXACO_OP_mean	section_words_sd	50	0.052248191321044614	0.052248191321044614
lsi	minimax_m3	MiniMax M3	minimax/minimax-m3	interwoven	interwoven_biography	HEXACO_OP_mean	section_words_cv	50	-0.06887948480597393	0.06887948480597393
lsi	minimax_m3	MiniMax M3	minimax/minimax-m3	psych	psychometric_only	HEXACO_HH_mean	total_words	50	-0.11085085477828995	0.11085085477828995
lsi	minimax_m3	MiniMax M3	minimax/minimax-m3	psych	psychometric_only	HEXACO_HH_mean	unique_word_rate	50	0.14860293028375243	0.14860293028375243
lsi	minimax_m3	MiniMax M3	minimax/minimax-m3	psych	psychometric_only	HEXACO_HH_mean	first_person_rate_per_1k	50	-0.29727616436054144	0.29727616436054144
lsi	minimax_m3	MiniMax M3	minimax/minimax-m3	psych	psychometric_only	HEXACO_HH_mean	we_rate_per_1k	50	-0.09317769149234334	0.09317769149234334
lsi	minimax_m3	MiniMax M3	minimax/minimax-m3	psych	psychometric_only	HEXACO_HH_mean	social_word_rate_per_1k	50	0.22685855949330583	0.22685855949330583
lsi	minimax_m3	MiniMax M3	minimax/minimax-m3	psych	psychometric_only	HEXACO_HH_mean	exclamation_rate_per_1k	50		
lsi	minimax_m3	MiniMax M3	minimax/minimax-m3	psych	psychometric_only	HEXACO_HH_mean	question_rate_per_1k	50	0.01479816208951116	0.01479816208951116
lsi	minimax_m3	MiniMax M3	minimax/minimax-m3	psych	psychometric_only	HEXACO_HH_mean	section_count	50	-0.1354635714153768	0.1354635714153768
lsi	minimax_m3	MiniMax M3	minimax/minimax-m3	psych	psychometric_only	HEXACO_HH_mean	section_words_mean	50	0.027237129455550464	0.027237129455550464
lsi	minimax_m3	MiniMax M3	minimax/minimax-m3	psych	psychometric_only	HEXACO_HH_mean	section_words_sd	50	0.0030599545235689704	0.0030599545235689704
lsi	minimax_m3	MiniMax M3	minimax/minimax-m3	psych	psychometric_only	HEXACO_HH_mean	section_words_cv	50	-0.08430675777836401	0.08430675777836401
lsi	minimax_m3	MiniMax M3	minimax/minimax-m3	psych	psychometric_only	HEXACO_E_mean	total_words	50	-0.03561111926906038	0.03561111926906038
lsi	minimax_m3	MiniMax M3	minimax/minimax-m3	psych	psychometric_only	HEXACO_E_mean	unique_word_rate	50	-0.06400028502946309	0.06400028502946309
lsi	minimax_m3	MiniMax M3	minimax/minimax-m3	psych	psychometric_only	HEXACO_E_mean	first_person_rate_per_1k	50	0.08755563152693503	0.08755563152693503
lsi	minimax_m3	MiniMax M3	minimax/minimax-m3	psych	psychometric_only	HEXACO_E_mean	we_rate_per_1k	50	-0.1254113052667551	0.1254113052667551
lsi	minimax_m3	MiniMax M3	minimax/minimax-m3	psych	psychometric_only	HEXACO_E_mean	social_word_rate_per_1k	50	-0.08942104492269512	0.08942104492269512
lsi	minimax_m3	MiniMax M3	minimax/minimax-m3	psych	psychometric_only	HEXACO_E_mean	exclamation_rate_per_1k	50		
lsi	minimax_m3	MiniMax M3	minimax/minimax-m3	psych	psychometric_only	HEXACO_E_mean	question_rate_per_1k	50	-0.09963397403349573	0.09963397403349573
lsi	minimax_m3	MiniMax M3	minimax/minimax-m3	psych	psychometric_only	HEXACO_E_mean	section_count	50	0.1821945823182507	0.1821945823182507
lsi	minimax_m3	MiniMax M3	minimax/minimax-m3	psych	psychometric_only	HEXACO_E_mean	section_words_mean	50	-0.15037365338755215	0.15037365338755215
lsi	minimax_m3	MiniMax M3	minimax/minimax-m3	psych	psychometric_only	HEXACO_E_mean	section_words_sd	50	-0.12357775520965579	0.12357775520965579
lsi	minimax_m3	MiniMax M3	minimax/minimax-m3	psych	psychometric_only	HEXACO_E_mean	section_words_cv	50	0.1072382021446792	0.1072382021446792
lsi	minimax_m3	MiniMax M3	minimax/minimax-m3	psych	psychometric_only	HEXACO_EX_mean	total_words	50	-8.17783888338027e-05	8.17783888338027e-05
lsi	minimax_m3	MiniMax M3	minimax/minimax-m3	psych	psychometric_only	HEXACO_EX_mean	unique_word_rate	50	0.24350892630914206	0.24350892630914206
lsi	minimax_m3	MiniMax M3	minimax/minimax-m3	psych	psychometric_only	HEXACO_EX_mean	first_person_rate_per_1k	50	-0.18124182636348865	0.18124182636348865
lsi	minimax_m3	MiniMax M3	minimax/minimax-m3	psych	psychometric_only	HEXACO_EX_mean	we_rate_per_1k	50	0.331262465731048	0.331262465731048
lsi	minimax_m3	MiniMax M3	minimax/minimax-m3	psych	psychometric_only	HEXACO_EX_mean	social_word_rate_per_1k	50	0.17382215098651968	0.17382215098651968
lsi	minimax_m3	MiniMax M3	minimax/minimax-m3	psych	psychometric_only	HEXACO_EX_mean	exclamation_rate_per_1k	50		
lsi	minimax_m3	MiniMax M3	minimax/minimax-m3	psych	psychometric_only	HEXACO_EX_mean	question_rate_per_1k	50	0.37960718350640016	0.37960718350640016
lsi	minimax_m3	MiniMax M3	minimax/minimax-m3	psych	psychometric_only	HEXACO_EX_mean	section_count	50	0.043910929195779665	0.043910929195779665
lsi	minimax_m3	MiniMax M3	minimax/minimax-m3	psych	psychometric_only	HEXACO_EX_mean	section_words_mean	50	-0.024849679375423307	0.024849679375423307
lsi	minimax_m3	MiniMax M3	minimax/minimax-m3	psych	psychometric_only	HEXACO_EX_mean	section_words_sd	50	-0.1603102448470861	0.1603102448470861
lsi	minimax_m3	MiniMax M3	minimax/minimax-m3	psych	psychometric_only	HEXACO_EX_mean	section_words_cv	50	-0.1033931362485765	0.1033931362485765
lsi	minimax_m3	MiniMax M3	minimax/minimax-m3	psych	psychometric_only	HEXACO_A_mean	total_words	50	-0.05436759142345456	0.05436759142345456
lsi	minimax_m3	MiniMax M3	minimax/minimax-m3	psych	psychometric_only	HEXACO_A_mean	unique_word_rate	50	0.0461341846695804	0.0461341846695804
lsi	minimax_m3	MiniMax M3	minimax/minimax-m3	psych	psychometric_only	HEXACO_A_mean	first_person_rate_per_1k	50	-0.14217002827653877	0.14217002827653877
lsi	minimax_m3	MiniMax M3	minimax/minimax-m3	psych	psychometric_only	HEXACO_A_mean	we_rate_per_1k	50	0.11363730676584148	0.11363730676584148
lsi	minimax_m3	MiniMax M3	minimax/minimax-m3	psych	psychometric_only	HEXACO_A_mean	social_word_rate_per_1k	50	0.10000499931800953	0.10000499931800953
lsi	minimax_m3	MiniMax M3	minimax/minimax-m3	psych	psychometric_only	HEXACO_A_mean	exclamation_rate_per_1k	50		
lsi	minimax_m3	MiniMax M3	minimax/minimax-m3	psych	psychometric_only	HEXACO_A_mean	question_rate_per_1k	50	0.13036877339670103	0.13036877339670103
lsi	minimax_m3	MiniMax M3	minimax/minimax-m3	psych	psychometric_only	HEXACO_A_mean	section_count	50	-0.06901076436532319	0.06901076436532319
lsi	minimax_m3	MiniMax M3	minimax/minimax-m3	psych	psychometric_only	HEXACO_A_mean	section_words_mean	50	0.007575597579918812	0.007575597579918812
lsi	minimax_m3	MiniMax M3	minimax/minimax-m3	psych	psychometric_only	HEXACO_A_mean	section_words_sd	50	-0.14528113320610891	0.14528113320610891
lsi	minimax_m3	MiniMax M3	minimax/minimax-m3	psych	psychometric_only	HEXACO_A_mean	section_words_cv	50	-0.13988890515932673	0.13988890515932673
lsi	minimax_m3	MiniMax M3	minimax/minimax-m3	psych	psychometric_only	HEXACO_C_mean	total_words	50	-0.09910759388628568	0.09910759388628568
lsi	minimax_m3	MiniMax M3	minimax/minimax-m3	psych	psychometric_only	HEXACO_C_mean	unique_word_rate	50	0.07647415824958297	0.07647415824958297
lsi	minimax_m3	MiniMax M3	minimax/minimax-m3	psych	psychometric_only	HEXACO_C_mean	first_person_rate_per_1k	50	0.03306617504217125	0.03306617504217125
lsi	minimax_m3	MiniMax M3	minimax/minimax-m3	psych	psychometric_only	HEXACO_C_mean	we_rate_per_1k	50	-0.1753448218991731	0.1753448218991731
lsi	minimax_m3	MiniMax M3	minimax/minimax-m3	psych	psychometric_only	HEXACO_C_mean	social_word_rate_per_1k	50	0.07759686730795388	0.07759686730795388
lsi	minimax_m3	MiniMax M3	minimax/minimax-m3	psych	psychometric_only	HEXACO_C_mean	exclamation_rate_per_1k	50		
lsi	minimax_m3	MiniMax M3	minimax/minimax-m3	psych	psychometric_only	HEXACO_C_mean	question_rate_per_1k	50	-0.05198862647385543	0.05198862647385543
lsi	minimax_m3	MiniMax M3	minimax/minimax-m3	psych	psychometric_only	HEXACO_C_mean	section_count	50	0.051402253145406154	0.051402253145406154
lsi	minimax_m3	MiniMax M3	minimax/minimax-m3	psych	psychometric_only	HEXACO_C_mean	section_words_mean	50	-0.0903926273110992	0.0903926273110992
lsi	minimax_m3	MiniMax M3	minimax/minimax-m3	psych	psychometric_only	HEXACO_C_mean	section_words_sd	50	-0.233076902849238	0.233076902849238
lsi	minimax_m3	MiniMax M3	minimax/minimax-m3	psych	psychometric_only	HEXACO_C_mean	section_words_cv	50	-0.07473598916251291	0.07473598916251291
lsi	minimax_m3	MiniMax M3	minimax/minimax-m3	psych	psychometric_only	HEXACO_OP_mean	total_words	50	0.23986017691816316	0.23986017691816316
lsi	minimax_m3	MiniMax M3	minimax/minimax-m3	psych	psychometric_only	HEXACO_OP_mean	unique_word_rate	50	-0.207145928063915	0.207145928063915
lsi	minimax_m3	MiniMax M3	minimax/minimax-m3	psych	psychometric_only	HEXACO_OP_mean	first_person_rate_per_1k	50	0.01072479139088618	0.01072479139088618
lsi	minimax_m3	MiniMax M3	minimax/minimax-m3	psych	psychometric_only	HEXACO_OP_mean	we_rate_per_1k	50	0.050228060985106744	0.050228060985106744
lsi	minimax_m3	MiniMax M3	minimax/minimax-m3	psych	psychometric_only	HEXACO_OP_mean	social_word_rate_per_1k	50	0.0953673170919585	0.0953673170919585
lsi	minimax_m3	MiniMax M3	minimax/minimax-m3	psych	psychometric_only	HEXACO_OP_mean	exclamation_rate_per_1k	50		
lsi	minimax_m3	MiniMax M3	minimax/minimax-m3	psych	psychometric_only	HEXACO_OP_mean	question_rate_per_1k	50	0.3443903726317376	0.3443903726317376
lsi	minimax_m3	MiniMax M3	minimax/minimax-m3	psych	psychometric_only	HEXACO_OP_mean	section_count	50	-0.03736638239318985	0.03736638239318985
lsi	minimax_m3	MiniMax M3	minimax/minimax-m3	psych	psychometric_only	HEXACO_OP_mean	section_words_mean	50	0.2115879008457939	0.2115879008457939
lsi	minimax_m3	MiniMax M3	minimax/minimax-m3	psych	psychometric_only	HEXACO_OP_mean	section_words_sd	50	0.020204721070053402	0.020204721070053402
lsi	minimax_m3	MiniMax M3	minimax/minimax-m3	psych	psychometric_only	HEXACO_OP_mean	section_words_cv	50	-0.09391627222809647	0.09391627222809647
lsi	qwen_37_max	Qwen 3.7 Max	qwen/qwen3.7-max	interwoven	interwoven_biography	HEXACO_HH_mean	total_words	50	-0.020078955642816837	0.020078955642816837
lsi	qwen_37_max	Qwen 3.7 Max	qwen/qwen3.7-max	interwoven	interwoven_biography	HEXACO_HH_mean	unique_word_rate	50	-0.11333194861423451	0.11333194861423451
lsi	qwen_37_max	Qwen 3.7 Max	qwen/qwen3.7-max	interwoven	interwoven_biography	HEXACO_HH_mean	first_person_rate_per_1k	50	-0.08970398211176411	0.08970398211176411
lsi	qwen_37_max	Qwen 3.7 Max	qwen/qwen3.7-max	interwoven	interwoven_biography	HEXACO_HH_mean	we_rate_per_1k	50	0.229939581423846	0.229939581423846
lsi	qwen_37_max	Qwen 3.7 Max	qwen/qwen3.7-max	interwoven	interwoven_biography	HEXACO_HH_mean	social_word_rate_per_1k	50	-0.02369475171704619	0.02369475171704619
lsi	qwen_37_max	Qwen 3.7 Max	qwen/qwen3.7-max	interwoven	interwoven_biography	HEXACO_HH_mean	exclamation_rate_per_1k	50		
lsi	qwen_37_max	Qwen 3.7 Max	qwen/qwen3.7-max	interwoven	interwoven_biography	HEXACO_HH_mean	question_rate_per_1k	50	0.07315442220485142	0.07315442220485142
lsi	qwen_37_max	Qwen 3.7 Max	qwen/qwen3.7-max	interwoven	interwoven_biography	HEXACO_HH_mean	section_count	50		
lsi	qwen_37_max	Qwen 3.7 Max	qwen/qwen3.7-max	interwoven	interwoven_biography	HEXACO_HH_mean	section_words_mean	50	-0.020078955642816837	0.020078955642816837
lsi	qwen_37_max	Qwen 3.7 Max	qwen/qwen3.7-max	interwoven	interwoven_biography	HEXACO_HH_mean	section_words_sd	50	-0.16112433433734075	0.16112433433734075
lsi	qwen_37_max	Qwen 3.7 Max	qwen/qwen3.7-max	interwoven	interwoven_biography	HEXACO_HH_mean	section_words_cv	50	-0.16233184883580903	0.16233184883580903
lsi	qwen_37_max	Qwen 3.7 Max	qwen/qwen3.7-max	interwoven	interwoven_biography	HEXACO_E_mean	total_words	50	0.04013042198319892	0.04013042198319892
lsi	qwen_37_max	Qwen 3.7 Max	qwen/qwen3.7-max	interwoven	interwoven_biography	HEXACO_E_mean	unique_word_rate	50	-0.07523211591841306	0.07523211591841306
lsi	qwen_37_max	Qwen 3.7 Max	qwen/qwen3.7-max	interwoven	interwoven_biography	HEXACO_E_mean	first_person_rate_per_1k	50	0.371415822020849	0.371415822020849
lsi	qwen_37_max	Qwen 3.7 Max	qwen/qwen3.7-max	interwoven	interwoven_biography	HEXACO_E_mean	we_rate_per_1k	50	-0.015214817829454353	0.015214817829454353
lsi	qwen_37_max	Qwen 3.7 Max	qwen/qwen3.7-max	interwoven	interwoven_biography	HEXACO_E_mean	social_word_rate_per_1k	50	0.16868514306200352	0.16868514306200352
lsi	qwen_37_max	Qwen 3.7 Max	qwen/qwen3.7-max	interwoven	interwoven_biography	HEXACO_E_mean	exclamation_rate_per_1k	50		
lsi	qwen_37_max	Qwen 3.7 Max	qwen/qwen3.7-max	interwoven	interwoven_biography	HEXACO_E_mean	question_rate_per_1k	50	0.12188533432936428	0.12188533432936428
lsi	qwen_37_max	Qwen 3.7 Max	qwen/qwen3.7-max	interwoven	interwoven_biography	HEXACO_E_mean	section_count	50		
lsi	qwen_37_max	Qwen 3.7 Max	qwen/qwen3.7-max	interwoven	interwoven_biography	HEXACO_E_mean	section_words_mean	50	0.04013042198319892	0.04013042198319892
lsi	qwen_37_max	Qwen 3.7 Max	qwen/qwen3.7-max	interwoven	interwoven_biography	HEXACO_E_mean	section_words_sd	50	0.2871103423660583	0.2871103423660583
lsi	qwen_37_max	Qwen 3.7 Max	qwen/qwen3.7-max	interwoven	interwoven_biography	HEXACO_E_mean	section_words_cv	50	0.2717857617348732	0.2717857617348732
lsi	qwen_37_max	Qwen 3.7 Max	qwen/qwen3.7-max	interwoven	interwoven_biography	HEXACO_EX_mean	total_words	50	-0.09731988384887622	0.09731988384887622
lsi	qwen_37_max	Qwen 3.7 Max	qwen/qwen3.7-max	interwoven	interwoven_biography	HEXACO_EX_mean	unique_word_rate	50	0.252559534619543	0.252559534619543
lsi	qwen_37_max	Qwen 3.7 Max	qwen/qwen3.7-max	interwoven	interwoven_biography	HEXACO_EX_mean	first_person_rate_per_1k	50	-0.1644207938221653	0.1644207938221653
lsi	qwen_37_max	Qwen 3.7 Max	qwen/qwen3.7-max	interwoven	interwoven_biography	HEXACO_EX_mean	we_rate_per_1k	50	0.4676104476447682	0.4676104476447682
lsi	qwen_37_max	Qwen 3.7 Max	qwen/qwen3.7-max	interwoven	interwoven_biography	HEXACO_EX_mean	social_word_rate_per_1k	50	0.1384447414986868	0.1384447414986868
lsi	qwen_37_max	Qwen 3.7 Max	qwen/qwen3.7-max	interwoven	interwoven_biography	HEXACO_EX_mean	exclamation_rate_per_1k	50		
lsi	qwen_37_max	Qwen 3.7 Max	qwen/qwen3.7-max	interwoven	interwoven_biography	HEXACO_EX_mean	question_rate_per_1k	50	0.11181541447845142	0.11181541447845142
lsi	qwen_37_max	Qwen 3.7 Max	qwen/qwen3.7-max	interwoven	interwoven_biography	HEXACO_EX_mean	section_count	50		
lsi	qwen_37_max	Qwen 3.7 Max	qwen/qwen3.7-max	interwoven	interwoven_biography	HEXACO_EX_mean	section_words_mean	50	-0.09731988384887622	0.09731988384887622
lsi	qwen_37_max	Qwen 3.7 Max	qwen/qwen3.7-max	interwoven	interwoven_biography	HEXACO_EX_mean	section_words_sd	50	-0.026188938709391842	0.026188938709391842
lsi	qwen_37_max	Qwen 3.7 Max	qwen/qwen3.7-max	interwoven	interwoven_biography	HEXACO_EX_mean	section_words_cv	50	0.007402837303146721	0.007402837303146721
lsi	qwen_37_max	Qwen 3.7 Max	qwen/qwen3.7-max	interwoven	interwoven_biography	HEXACO_A_mean	total_words	50	-0.11312676610537324	0.11312676610537324
lsi	qwen_37_max	Qwen 3.7 Max	qwen/qwen3.7-max	interwoven	interwoven_biography	HEXACO_A_mean	unique_word_rate	50	0.14640313678386505	0.14640313678386505
lsi	qwen_37_max	Qwen 3.7 Max	qwen/qwen3.7-max	interwoven	interwoven_biography	HEXACO_A_mean	first_person_rate_per_1k	50	-0.1469607767013107	0.1469607767013107
lsi	qwen_37_max	Qwen 3.7 Max	qwen/qwen3.7-max	interwoven	interwoven_biography	HEXACO_A_mean	we_rate_per_1k	50	0.2247122928550039	0.2247122928550039
lsi	qwen_37_max	Qwen 3.7 Max	qwen/qwen3.7-max	interwoven	interwoven_biography	HEXACO_A_mean	social_word_rate_per_1k	50	0.07102959098142325	0.07102959098142325
lsi	qwen_37_max	Qwen 3.7 Max	qwen/qwen3.7-max	interwoven	interwoven_biography	HEXACO_A_mean	exclamation_rate_per_1k	50		
lsi	qwen_37_max	Qwen 3.7 Max	qwen/qwen3.7-max	interwoven	interwoven_biography	HEXACO_A_mean	question_rate_per_1k	50	0.22051675235697818	0.22051675235697818
lsi	qwen_37_max	Qwen 3.7 Max	qwen/qwen3.7-max	interwoven	interwoven_biography	HEXACO_A_mean	section_count	50		
lsi	qwen_37_max	Qwen 3.7 Max	qwen/qwen3.7-max	interwoven	interwoven_biography	HEXACO_A_mean	section_words_mean	50	-0.11312676610537324	0.11312676610537324
lsi	qwen_37_max	Qwen 3.7 Max	qwen/qwen3.7-max	interwoven	interwoven_biography	HEXACO_A_mean	section_words_sd	50	-0.1251040518899647	0.1251040518899647
lsi	qwen_37_max	Qwen 3.7 Max	qwen/qwen3.7-max	interwoven	interwoven_biography	HEXACO_A_mean	section_words_cv	50	-0.11303005106318284	0.11303005106318284
lsi	qwen_37_max	Qwen 3.7 Max	qwen/qwen3.7-max	interwoven	interwoven_biography	HEXACO_C_mean	total_words	50	0.004414189280335619	0.004414189280335619
lsi	qwen_37_max	Qwen 3.7 Max	qwen/qwen3.7-max	interwoven	interwoven_biography	HEXACO_C_mean	unique_word_rate	50	-0.049897865283730955	0.049897865283730955
lsi	qwen_37_max	Qwen 3.7 Max	qwen/qwen3.7-max	interwoven	interwoven_biography	HEXACO_C_mean	first_person_rate_per_1k	50	0.008322200038838953	0.008322200038838953
lsi	qwen_37_max	Qwen 3.7 Max	qwen/qwen3.7-max	interwoven	interwoven_biography	HEXACO_C_mean	we_rate_per_1k	50	0.15579221701393972	0.15579221701393972
lsi	qwen_37_max	Qwen 3.7 Max	qwen/qwen3.7-max	interwoven	interwoven_biography	HEXACO_C_mean	social_word_rate_per_1k	50	-0.020327790407304775	0.020327790407304775
lsi	qwen_37_max	Qwen 3.7 Max	qwen/qwen3.7-max	interwoven	interwoven_biography	HEXACO_C_mean	exclamation_rate_per_1k	50		
lsi	qwen_37_max	Qwen 3.7 Max	qwen/qwen3.7-max	interwoven	interwoven_biography	HEXACO_C_mean	question_rate_per_1k	50	-0.13912784355029556	0.13912784355029556
lsi	qwen_37_max	Qwen 3.7 Max	qwen/qwen3.7-max	interwoven	interwoven_biography	HEXACO_C_mean	section_count	50		
lsi	qwen_37_max	Qwen 3.7 Max	qwen/qwen3.7-max	interwoven	interwoven_biography	HEXACO_C_mean	section_words_mean	50	0.004414189280335619	0.004414189280335619
lsi	qwen_37_max	Qwen 3.7 Max	qwen/qwen3.7-max	interwoven	interwoven_biography	HEXACO_C_mean	section_words_sd	50	0.19625250974155314	0.19625250974155314
lsi	qwen_37_max	Qwen 3.7 Max	qwen/qwen3.7-max	interwoven	interwoven_biography	HEXACO_C_mean	section_words_cv	50	0.18244774339052838	0.18244774339052838
lsi	qwen_37_max	Qwen 3.7 Max	qwen/qwen3.7-max	interwoven	interwoven_biography	HEXACO_OP_mean	total_words	50	0.08705372582675978	0.08705372582675978
lsi	qwen_37_max	Qwen 3.7 Max	qwen/qwen3.7-max	interwoven	interwoven_biography	HEXACO_OP_mean	unique_word_rate	50	0.042495382422829416	0.042495382422829416
lsi	qwen_37_max	Qwen 3.7 Max	qwen/qwen3.7-max	interwoven	interwoven_biography	HEXACO_OP_mean	first_person_rate_per_1k	50	-0.46555949499907184	0.46555949499907184
lsi	qwen_37_max	Qwen 3.7 Max	qwen/qwen3.7-max	interwoven	interwoven_biography	HEXACO_OP_mean	we_rate_per_1k	50	0.1429261222762559	0.1429261222762559
lsi	qwen_37_max	Qwen 3.7 Max	qwen/qwen3.7-max	interwoven	interwoven_biography	HEXACO_OP_mean	social_word_rate_per_1k	50	-0.006975554327002678	0.006975554327002678
lsi	qwen_37_max	Qwen 3.7 Max	qwen/qwen3.7-max	interwoven	interwoven_biography	HEXACO_OP_mean	exclamation_rate_per_1k	50		
lsi	qwen_37_max	Qwen 3.7 Max	qwen/qwen3.7-max	interwoven	interwoven_biography	HEXACO_OP_mean	question_rate_per_1k	50	0.164478742170393	0.164478742170393
lsi	qwen_37_max	Qwen 3.7 Max	qwen/qwen3.7-max	interwoven	interwoven_biography	HEXACO_OP_mean	section_count	50		
lsi	qwen_37_max	Qwen 3.7 Max	qwen/qwen3.7-max	interwoven	interwoven_biography	HEXACO_OP_mean	section_words_mean	50	0.08705372582675978	0.08705372582675978
lsi	qwen_37_max	Qwen 3.7 Max	qwen/qwen3.7-max	interwoven	interwoven_biography	HEXACO_OP_mean	section_words_sd	50	-0.1724767161939836	0.1724767161939836
lsi	qwen_37_max	Qwen 3.7 Max	qwen/qwen3.7-max	interwoven	interwoven_biography	HEXACO_OP_mean	section_words_cv	50	-0.1842927546575111	0.1842927546575111
lsi	qwen_37_max	Qwen 3.7 Max	qwen/qwen3.7-max	psych	psychometric_only	HEXACO_HH_mean	total_words	50	-0.0813629050736417	0.0813629050736417
lsi	qwen_37_max	Qwen 3.7 Max	qwen/qwen3.7-max	psych	psychometric_only	HEXACO_HH_mean	unique_word_rate	50	-0.16492919161081276	0.16492919161081276
lsi	qwen_37_max	Qwen 3.7 Max	qwen/qwen3.7-max	psych	psychometric_only	HEXACO_HH_mean	first_person_rate_per_1k	50	-0.32966509447956477	0.32966509447956477
lsi	qwen_37_max	Qwen 3.7 Max	qwen/qwen3.7-max	psych	psychometric_only	HEXACO_HH_mean	we_rate_per_1k	50	0.397503452665707	0.397503452665707
lsi	qwen_37_max	Qwen 3.7 Max	qwen/qwen3.7-max	psych	psychometric_only	HEXACO_HH_mean	social_word_rate_per_1k	50	0.10513874482290077	0.10513874482290077
lsi	qwen_37_max	Qwen 3.7 Max	qwen/qwen3.7-max	psych	psychometric_only	HEXACO_HH_mean	exclamation_rate_per_1k	50		
lsi	qwen_37_max	Qwen 3.7 Max	qwen/qwen3.7-max	psych	psychometric_only	HEXACO_HH_mean	question_rate_per_1k	50	0.03990718116719828	0.03990718116719828
lsi	qwen_37_max	Qwen 3.7 Max	qwen/qwen3.7-max	psych	psychometric_only	HEXACO_HH_mean	section_count	50		
lsi	qwen_37_max	Qwen 3.7 Max	qwen/qwen3.7-max	psych	psychometric_only	HEXACO_HH_mean	section_words_mean	50	-0.0813629050736417	0.0813629050736417
lsi	qwen_37_max	Qwen 3.7 Max	qwen/qwen3.7-max	psych	psychometric_only	HEXACO_HH_mean	section_words_sd	50	0.18230662041552276	0.18230662041552276
lsi	qwen_37_max	Qwen 3.7 Max	qwen/qwen3.7-max	psych	psychometric_only	HEXACO_HH_mean	section_words_cv	50	0.18236250312280303	0.18236250312280303
lsi	qwen_37_max	Qwen 3.7 Max	qwen/qwen3.7-max	psych	psychometric_only	HEXACO_E_mean	total_words	50	0.15617012618916631	0.15617012618916631
lsi	qwen_37_max	Qwen 3.7 Max	qwen/qwen3.7-max	psych	psychometric_only	HEXACO_E_mean	unique_word_rate	50	-0.37535845153315994	0.37535845153315994
lsi	qwen_37_max	Qwen 3.7 Max	qwen/qwen3.7-max	psych	psychometric_only	HEXACO_E_mean	first_person_rate_per_1k	50	0.4714457954045175	0.4714457954045175
lsi	qwen_37_max	Qwen 3.7 Max	qwen/qwen3.7-max	psych	psychometric_only	HEXACO_E_mean	we_rate_per_1k	50	0.06278951582553084	0.06278951582553084
lsi	qwen_37_max	Qwen 3.7 Max	qwen/qwen3.7-max	psych	psychometric_only	HEXACO_E_mean	social_word_rate_per_1k	50	-0.051886237169940376	0.051886237169940376
lsi	qwen_37_max	Qwen 3.7 Max	qwen/qwen3.7-max	psych	psychometric_only	HEXACO_E_mean	exclamation_rate_per_1k	50		
lsi	qwen_37_max	Qwen 3.7 Max	qwen/qwen3.7-max	psych	psychometric_only	HEXACO_E_mean	question_rate_per_1k	50	0.015636370650931295	0.015636370650931295
lsi	qwen_37_max	Qwen 3.7 Max	qwen/qwen3.7-max	psych	psychometric_only	HEXACO_E_mean	section_count	50		
lsi	qwen_37_max	Qwen 3.7 Max	qwen/qwen3.7-max	psych	psychometric_only	HEXACO_E_mean	section_words_mean	50	0.15617012618916631	0.15617012618916631
lsi	qwen_37_max	Qwen 3.7 Max	qwen/qwen3.7-max	psych	psychometric_only	HEXACO_E_mean	section_words_sd	50	0.30281675774437894	0.30281675774437894
lsi	qwen_37_max	Qwen 3.7 Max	qwen/qwen3.7-max	psych	psychometric_only	HEXACO_E_mean	section_words_cv	50	0.26000286241438847	0.26000286241438847
lsi	qwen_37_max	Qwen 3.7 Max	qwen/qwen3.7-max	psych	psychometric_only	HEXACO_EX_mean	total_words	50	-0.4023636548740671	0.4023636548740671
lsi	qwen_37_max	Qwen 3.7 Max	qwen/qwen3.7-max	psych	psychometric_only	HEXACO_EX_mean	unique_word_rate	50	0.4162518193125506	0.4162518193125506
lsi	qwen_37_max	Qwen 3.7 Max	qwen/qwen3.7-max	psych	psychometric_only	HEXACO_EX_mean	first_person_rate_per_1k	50	-0.4443242590646395	0.4443242590646395
lsi	qwen_37_max	Qwen 3.7 Max	qwen/qwen3.7-max	psych	psychometric_only	HEXACO_EX_mean	we_rate_per_1k	50	0.1674509605412508	0.1674509605412508
lsi	qwen_37_max	Qwen 3.7 Max	qwen/qwen3.7-max	psych	psychometric_only	HEXACO_EX_mean	social_word_rate_per_1k	50	0.31244474614129225	0.31244474614129225
lsi	qwen_37_max	Qwen 3.7 Max	qwen/qwen3.7-max	psych	psychometric_only	HEXACO_EX_mean	exclamation_rate_per_1k	50		
lsi	qwen_37_max	Qwen 3.7 Max	qwen/qwen3.7-max	psych	psychometric_only	HEXACO_EX_mean	question_rate_per_1k	50	0.18261700366282071	0.18261700366282071
lsi	qwen_37_max	Qwen 3.7 Max	qwen/qwen3.7-max	psych	psychometric_only	HEXACO_EX_mean	section_count	50		
lsi	qwen_37_max	Qwen 3.7 Max	qwen/qwen3.7-max	psych	psychometric_only	HEXACO_EX_mean	section_words_mean	50	-0.4023636548740671	0.4023636548740671
lsi	qwen_37_max	Qwen 3.7 Max	qwen/qwen3.7-max	psych	psychometric_only	HEXACO_EX_mean	section_words_sd	50	0.054691439822526354	0.054691439822526354
lsi	qwen_37_max	Qwen 3.7 Max	qwen/qwen3.7-max	psych	psychometric_only	HEXACO_EX_mean	section_words_cv	50	0.13089767466009286	0.13089767466009286
lsi	qwen_37_max	Qwen 3.7 Max	qwen/qwen3.7-max	psych	psychometric_only	HEXACO_A_mean	total_words	50	-0.2636126476076681	0.2636126476076681
lsi	qwen_37_max	Qwen 3.7 Max	qwen/qwen3.7-max	psych	psychometric_only	HEXACO_A_mean	unique_word_rate	50	0.16469662808453758	0.16469662808453758
lsi	qwen_37_max	Qwen 3.7 Max	qwen/qwen3.7-max	psych	psychometric_only	HEXACO_A_mean	first_person_rate_per_1k	50	-0.24650395139614328	0.24650395139614328
lsi	qwen_37_max	Qwen 3.7 Max	qwen/qwen3.7-max	psych	psychometric_only	HEXACO_A_mean	we_rate_per_1k	50	0.3126235374067518	0.3126235374067518
lsi	qwen_37_max	Qwen 3.7 Max	qwen/qwen3.7-max	psych	psychometric_only	HEXACO_A_mean	social_word_rate_per_1k	50	0.2800146358627645	0.2800146358627645
lsi	qwen_37_max	Qwen 3.7 Max	qwen/qwen3.7-max	psych	psychometric_only	HEXACO_A_mean	exclamation_rate_per_1k	50		
lsi	qwen_37_max	Qwen 3.7 Max	qwen/qwen3.7-max	psych	psychometric_only	HEXACO_A_mean	question_rate_per_1k	50	0.14273683341840188	0.14273683341840188
lsi	qwen_37_max	Qwen 3.7 Max	qwen/qwen3.7-max	psych	psychometric_only	HEXACO_A_mean	section_count	50		
lsi	qwen_37_max	Qwen 3.7 Max	qwen/qwen3.7-max	psych	psychometric_only	HEXACO_A_mean	section_words_mean	50	-0.2636126476076681	0.2636126476076681
lsi	qwen_37_max	Qwen 3.7 Max	qwen/qwen3.7-max	psych	psychometric_only	HEXACO_A_mean	section_words_sd	50	0.15175093603296055	0.15175093603296055
lsi	qwen_37_max	Qwen 3.7 Max	qwen/qwen3.7-max	psych	psychometric_only	HEXACO_A_mean	section_words_cv	50	0.18951328025523678	0.18951328025523678
lsi	qwen_37_max	Qwen 3.7 Max	qwen/qwen3.7-max	psych	psychometric_only	HEXACO_C_mean	total_words	50	0.053856303685677384	0.053856303685677384
lsi	qwen_37_max	Qwen 3.7 Max	qwen/qwen3.7-max	psych	psychometric_only	HEXACO_C_mean	unique_word_rate	50	0.04658882923097244	0.04658882923097244
lsi	qwen_37_max	Qwen 3.7 Max	qwen/qwen3.7-max	psych	psychometric_only	HEXACO_C_mean	first_person_rate_per_1k	50	-0.2090601129085801	0.2090601129085801
lsi	qwen_37_max	Qwen 3.7 Max	qwen/qwen3.7-max	psych	psychometric_only	HEXACO_C_mean	we_rate_per_1k	50	-0.13477780967552008	0.13477780967552008
lsi	qwen_37_max	Qwen 3.7 Max	qwen/qwen3.7-max	psych	psychometric_only	HEXACO_C_mean	social_word_rate_per_1k	50	-0.08298493721395454	0.08298493721395454
lsi	qwen_37_max	Qwen 3.7 Max	qwen/qwen3.7-max	psych	psychometric_only	HEXACO_C_mean	exclamation_rate_per_1k	50		
lsi	qwen_37_max	Qwen 3.7 Max	qwen/qwen3.7-max	psych	psychometric_only	HEXACO_C_mean	question_rate_per_1k	50	0.12815917810994917	0.12815917810994917
lsi	qwen_37_max	Qwen 3.7 Max	qwen/qwen3.7-max	psych	psychometric_only	HEXACO_C_mean	section_count	50		
lsi	qwen_37_max	Qwen 3.7 Max	qwen/qwen3.7-max	psych	psychometric_only	HEXACO_C_mean	section_words_mean	50	0.053856303685677384	0.053856303685677384
lsi	qwen_37_max	Qwen 3.7 Max	qwen/qwen3.7-max	psych	psychometric_only	HEXACO_C_mean	section_words_sd	50	-0.005506921805042683	0.005506921805042683
lsi	qwen_37_max	Qwen 3.7 Max	qwen/qwen3.7-max	psych	psychometric_only	HEXACO_C_mean	section_words_cv	50	-0.023390029791759574	0.023390029791759574
lsi	qwen_37_max	Qwen 3.7 Max	qwen/qwen3.7-max	psych	psychometric_only	HEXACO_OP_mean	total_words	50	-0.12518571821360142	0.12518571821360142
lsi	qwen_37_max	Qwen 3.7 Max	qwen/qwen3.7-max	psych	psychometric_only	HEXACO_OP_mean	unique_word_rate	50	0.11437545639159635	0.11437545639159635
lsi	qwen_37_max	Qwen 3.7 Max	qwen/qwen3.7-max	psych	psychometric_only	HEXACO_OP_mean	first_person_rate_per_1k	50	-0.4460217705372563	0.4460217705372563
lsi	qwen_37_max	Qwen 3.7 Max	qwen/qwen3.7-max	psych	psychometric_only	HEXACO_OP_mean	we_rate_per_1k	50	0.07485814093556012	0.07485814093556012
lsi	qwen_37_max	Qwen 3.7 Max	qwen/qwen3.7-max	psych	psychometric_only	HEXACO_OP_mean	social_word_rate_per_1k	50	0.07220494199165083	0.07220494199165083
lsi	qwen_37_max	Qwen 3.7 Max	qwen/qwen3.7-max	psych	psychometric_only	HEXACO_OP_mean	exclamation_rate_per_1k	50		
lsi	qwen_37_max	Qwen 3.7 Max	qwen/qwen3.7-max	psych	psychometric_only	HEXACO_OP_mean	question_rate_per_1k	50	0.10195687334728622	0.10195687334728622
lsi	qwen_37_max	Qwen 3.7 Max	qwen/qwen3.7-max	psych	psychometric_only	HEXACO_OP_mean	section_count	50		
lsi	qwen_37_max	Qwen 3.7 Max	qwen/qwen3.7-max	psych	psychometric_only	HEXACO_OP_mean	section_words_mean	50	-0.12518571821360142	0.12518571821360142
lsi	qwen_37_max	Qwen 3.7 Max	qwen/qwen3.7-max	psych	psychometric_only	HEXACO_OP_mean	section_words_sd	50	0.1236025776366049	0.1236025776366049
lsi	qwen_37_max	Qwen 3.7 Max	qwen/qwen3.7-max	psych	psychometric_only	HEXACO_OP_mean	section_words_cv	50	0.1427202423119011	0.1427202423119011
profile	glm_5_1	GLM 5.1	z-ai/glm-5.1	interwoven	interwoven_biography	HEXACO_HH_mean	total_words	50	0.0016264184073806114	0.0016264184073806114
profile	glm_5_1	GLM 5.1	z-ai/glm-5.1	interwoven	interwoven_biography	HEXACO_HH_mean	unique_word_rate	50	0.05170831851949722	0.05170831851949722
profile	glm_5_1	GLM 5.1	z-ai/glm-5.1	interwoven	interwoven_biography	HEXACO_HH_mean	first_person_rate_per_1k	50		
profile	glm_5_1	GLM 5.1	z-ai/glm-5.1	interwoven	interwoven_biography	HEXACO_HH_mean	we_rate_per_1k	50	0.036600623122180036	0.036600623122180036
profile	glm_5_1	GLM 5.1	z-ai/glm-5.1	interwoven	interwoven_biography	HEXACO_HH_mean	social_word_rate_per_1k	50	0.27750041944477805	0.27750041944477805
profile	glm_5_1	GLM 5.1	z-ai/glm-5.1	interwoven	interwoven_biography	HEXACO_HH_mean	exclamation_rate_per_1k	50		
profile	glm_5_1	GLM 5.1	z-ai/glm-5.1	interwoven	interwoven_biography	HEXACO_HH_mean	question_rate_per_1k	50		
profile	glm_5_1	GLM 5.1	z-ai/glm-5.1	interwoven	interwoven_biography	HEXACO_HH_mean	section_count	0		
profile	glm_5_1	GLM 5.1	z-ai/glm-5.1	interwoven	interwoven_biography	HEXACO_HH_mean	section_words_mean	0		
profile	glm_5_1	GLM 5.1	z-ai/glm-5.1	interwoven	interwoven_biography	HEXACO_HH_mean	section_words_sd	0		
profile	glm_5_1	GLM 5.1	z-ai/glm-5.1	interwoven	interwoven_biography	HEXACO_HH_mean	section_words_cv	0		
profile	glm_5_1	GLM 5.1	z-ai/glm-5.1	interwoven	interwoven_biography	HEXACO_E_mean	total_words	50	-0.02327792581708031	0.02327792581708031
profile	glm_5_1	GLM 5.1	z-ai/glm-5.1	interwoven	interwoven_biography	HEXACO_E_mean	unique_word_rate	50	0.11005839383717723	0.11005839383717723
profile	glm_5_1	GLM 5.1	z-ai/glm-5.1	interwoven	interwoven_biography	HEXACO_E_mean	first_person_rate_per_1k	50		
profile	glm_5_1	GLM 5.1	z-ai/glm-5.1	interwoven	interwoven_biography	HEXACO_E_mean	we_rate_per_1k	50	-0.10590269634939367	0.10590269634939367
profile	glm_5_1	GLM 5.1	z-ai/glm-5.1	interwoven	interwoven_biography	HEXACO_E_mean	social_word_rate_per_1k	50	0.2882433033657062	0.2882433033657062
profile	glm_5_1	GLM 5.1	z-ai/glm-5.1	interwoven	interwoven_biography	HEXACO_E_mean	exclamation_rate_per_1k	50		
profile	glm_5_1	GLM 5.1	z-ai/glm-5.1	interwoven	interwoven_biography	HEXACO_E_mean	question_rate_per_1k	50		
profile	glm_5_1	GLM 5.1	z-ai/glm-5.1	interwoven	interwoven_biography	HEXACO_E_mean	section_count	0		
profile	glm_5_1	GLM 5.1	z-ai/glm-5.1	interwoven	interwoven_biography	HEXACO_E_mean	section_words_mean	0		
profile	glm_5_1	GLM 5.1	z-ai/glm-5.1	interwoven	interwoven_biography	HEXACO_E_mean	section_words_sd	0		
profile	glm_5_1	GLM 5.1	z-ai/glm-5.1	interwoven	interwoven_biography	HEXACO_E_mean	section_words_cv	0		
profile	glm_5_1	GLM 5.1	z-ai/glm-5.1	interwoven	interwoven_biography	HEXACO_EX_mean	total_words	50	-0.22412884603922356	0.22412884603922356
profile	glm_5_1	GLM 5.1	z-ai/glm-5.1	interwoven	interwoven_biography	HEXACO_EX_mean	unique_word_rate	50	0.15020944400876246	0.15020944400876246
profile	glm_5_1	GLM 5.1	z-ai/glm-5.1	interwoven	interwoven_biography	HEXACO_EX_mean	first_person_rate_per_1k	50		
profile	glm_5_1	GLM 5.1	z-ai/glm-5.1	interwoven	interwoven_biography	HEXACO_EX_mean	we_rate_per_1k	50	0.038936714534087494	0.038936714534087494
profile	glm_5_1	GLM 5.1	z-ai/glm-5.1	interwoven	interwoven_biography	HEXACO_EX_mean	social_word_rate_per_1k	50	0.12875318611309353	0.12875318611309353
profile	glm_5_1	GLM 5.1	z-ai/glm-5.1	interwoven	interwoven_biography	HEXACO_EX_mean	exclamation_rate_per_1k	50		
profile	glm_5_1	GLM 5.1	z-ai/glm-5.1	interwoven	interwoven_biography	HEXACO_EX_mean	question_rate_per_1k	50		
profile	glm_5_1	GLM 5.1	z-ai/glm-5.1	interwoven	interwoven_biography	HEXACO_EX_mean	section_count	0		
profile	glm_5_1	GLM 5.1	z-ai/glm-5.1	interwoven	interwoven_biography	HEXACO_EX_mean	section_words_mean	0		
profile	glm_5_1	GLM 5.1	z-ai/glm-5.1	interwoven	interwoven_biography	HEXACO_EX_mean	section_words_sd	0		
profile	glm_5_1	GLM 5.1	z-ai/glm-5.1	interwoven	interwoven_biography	HEXACO_EX_mean	section_words_cv	0		
profile	glm_5_1	GLM 5.1	z-ai/glm-5.1	interwoven	interwoven_biography	HEXACO_A_mean	total_words	50	-0.17752346439053826	0.17752346439053826
profile	glm_5_1	GLM 5.1	z-ai/glm-5.1	interwoven	interwoven_biography	HEXACO_A_mean	unique_word_rate	50	-0.0536614483646823	0.0536614483646823
profile	glm_5_1	GLM 5.1	z-ai/glm-5.1	interwoven	interwoven_biography	HEXACO_A_mean	first_person_rate_per_1k	50		
profile	glm_5_1	GLM 5.1	z-ai/glm-5.1	interwoven	interwoven_biography	HEXACO_A_mean	we_rate_per_1k	50	0.16531525247704543	0.16531525247704543
profile	glm_5_1	GLM 5.1	z-ai/glm-5.1	interwoven	interwoven_biography	HEXACO_A_mean	social_word_rate_per_1k	50	0.3806478927051934	0.3806478927051934
profile	glm_5_1	GLM 5.1	z-ai/glm-5.1	interwoven	interwoven_biography	HEXACO_A_mean	exclamation_rate_per_1k	50		
profile	glm_5_1	GLM 5.1	z-ai/glm-5.1	interwoven	interwoven_biography	HEXACO_A_mean	question_rate_per_1k	50		
profile	glm_5_1	GLM 5.1	z-ai/glm-5.1	interwoven	interwoven_biography	HEXACO_A_mean	section_count	0		
profile	glm_5_1	GLM 5.1	z-ai/glm-5.1	interwoven	interwoven_biography	HEXACO_A_mean	section_words_mean	0		
profile	glm_5_1	GLM 5.1	z-ai/glm-5.1	interwoven	interwoven_biography	HEXACO_A_mean	section_words_sd	0		
profile	glm_5_1	GLM 5.1	z-ai/glm-5.1	interwoven	interwoven_biography	HEXACO_A_mean	section_words_cv	0		
profile	glm_5_1	GLM 5.1	z-ai/glm-5.1	interwoven	interwoven_biography	HEXACO_C_mean	total_words	50	-0.2566586714848711	0.2566586714848711
profile	glm_5_1	GLM 5.1	z-ai/glm-5.1	interwoven	interwoven_biography	HEXACO_C_mean	unique_word_rate	50	0.19639402729712424	0.19639402729712424
profile	glm_5_1	GLM 5.1	z-ai/glm-5.1	interwoven	interwoven_biography	HEXACO_C_mean	first_person_rate_per_1k	50		
profile	glm_5_1	GLM 5.1	z-ai/glm-5.1	interwoven	interwoven_biography	HEXACO_C_mean	we_rate_per_1k	50	-0.00917846523147475	0.00917846523147475
profile	glm_5_1	GLM 5.1	z-ai/glm-5.1	interwoven	interwoven_biography	HEXACO_C_mean	social_word_rate_per_1k	50	0.11272670291188569	0.11272670291188569
profile	glm_5_1	GLM 5.1	z-ai/glm-5.1	interwoven	interwoven_biography	HEXACO_C_mean	exclamation_rate_per_1k	50		
profile	glm_5_1	GLM 5.1	z-ai/glm-5.1	interwoven	interwoven_biography	HEXACO_C_mean	question_rate_per_1k	50		
profile	glm_5_1	GLM 5.1	z-ai/glm-5.1	interwoven	interwoven_biography	HEXACO_C_mean	section_count	0		
profile	glm_5_1	GLM 5.1	z-ai/glm-5.1	interwoven	interwoven_biography	HEXACO_C_mean	section_words_mean	0		
profile	glm_5_1	GLM 5.1	z-ai/glm-5.1	interwoven	interwoven_biography	HEXACO_C_mean	section_words_sd	0		
profile	glm_5_1	GLM 5.1	z-ai/glm-5.1	interwoven	interwoven_biography	HEXACO_C_mean	section_words_cv	0		
profile	glm_5_1	GLM 5.1	z-ai/glm-5.1	interwoven	interwoven_biography	HEXACO_OP_mean	total_words	50	-0.30996244426462966	0.30996244426462966
profile	glm_5_1	GLM 5.1	z-ai/glm-5.1	interwoven	interwoven_biography	HEXACO_OP_mean	unique_word_rate	50	0.2641553653134371	0.2641553653134371
profile	glm_5_1	GLM 5.1	z-ai/glm-5.1	interwoven	interwoven_biography	HEXACO_OP_mean	first_person_rate_per_1k	50		
profile	glm_5_1	GLM 5.1	z-ai/glm-5.1	interwoven	interwoven_biography	HEXACO_OP_mean	we_rate_per_1k	50	-0.15485412833403014	0.15485412833403014
profile	glm_5_1	GLM 5.1	z-ai/glm-5.1	interwoven	interwoven_biography	HEXACO_OP_mean	social_word_rate_per_1k	50	0.004517377614789214	0.004517377614789214
profile	glm_5_1	GLM 5.1	z-ai/glm-5.1	interwoven	interwoven_biography	HEXACO_OP_mean	exclamation_rate_per_1k	50		
profile	glm_5_1	GLM 5.1	z-ai/glm-5.1	interwoven	interwoven_biography	HEXACO_OP_mean	question_rate_per_1k	50		
profile	glm_5_1	GLM 5.1	z-ai/glm-5.1	interwoven	interwoven_biography	HEXACO_OP_mean	section_count	0		
profile	glm_5_1	GLM 5.1	z-ai/glm-5.1	interwoven	interwoven_biography	HEXACO_OP_mean	section_words_mean	0		
profile	glm_5_1	GLM 5.1	z-ai/glm-5.1	interwoven	interwoven_biography	HEXACO_OP_mean	section_words_sd	0		
profile	glm_5_1	GLM 5.1	z-ai/glm-5.1	interwoven	interwoven_biography	HEXACO_OP_mean	section_words_cv	0		
profile	glm_5_1	GLM 5.1	z-ai/glm-5.1	psych	psychometric_only	HEXACO_HH_mean	total_words	50	-0.0011009082357106767	0.0011009082357106767
profile	glm_5_1	GLM 5.1	z-ai/glm-5.1	psych	psychometric_only	HEXACO_HH_mean	unique_word_rate	50	0.0688780933388584	0.0688780933388584
profile	glm_5_1	GLM 5.1	z-ai/glm-5.1	psych	psychometric_only	HEXACO_HH_mean	first_person_rate_per_1k	50		
profile	glm_5_1	GLM 5.1	z-ai/glm-5.1	psych	psychometric_only	HEXACO_HH_mean	we_rate_per_1k	50		
profile	glm_5_1	GLM 5.1	z-ai/glm-5.1	psych	psychometric_only	HEXACO_HH_mean	social_word_rate_per_1k	50	0.20082424795168335	0.20082424795168335
profile	glm_5_1	GLM 5.1	z-ai/glm-5.1	psych	psychometric_only	HEXACO_HH_mean	exclamation_rate_per_1k	50		
profile	glm_5_1	GLM 5.1	z-ai/glm-5.1	psych	psychometric_only	HEXACO_HH_mean	question_rate_per_1k	50		
profile	glm_5_1	GLM 5.1	z-ai/glm-5.1	psych	psychometric_only	HEXACO_HH_mean	section_count	0		
profile	glm_5_1	GLM 5.1	z-ai/glm-5.1	psych	psychometric_only	HEXACO_HH_mean	section_words_mean	0		
profile	glm_5_1	GLM 5.1	z-ai/glm-5.1	psych	psychometric_only	HEXACO_HH_mean	section_words_sd	0		
profile	glm_5_1	GLM 5.1	z-ai/glm-5.1	psych	psychometric_only	HEXACO_HH_mean	section_words_cv	0		
profile	glm_5_1	GLM 5.1	z-ai/glm-5.1	psych	psychometric_only	HEXACO_E_mean	total_words	50	-0.06414514888252298	0.06414514888252298
profile	glm_5_1	GLM 5.1	z-ai/glm-5.1	psych	psychometric_only	HEXACO_E_mean	unique_word_rate	50	0.17728831064160444	0.17728831064160444
profile	glm_5_1	GLM 5.1	z-ai/glm-5.1	psych	psychometric_only	HEXACO_E_mean	first_person_rate_per_1k	50		
profile	glm_5_1	GLM 5.1	z-ai/glm-5.1	psych	psychometric_only	HEXACO_E_mean	we_rate_per_1k	50		
profile	glm_5_1	GLM 5.1	z-ai/glm-5.1	psych	psychometric_only	HEXACO_E_mean	social_word_rate_per_1k	50	0.3432604390996658	0.3432604390996658
profile	glm_5_1	GLM 5.1	z-ai/glm-5.1	psych	psychometric_only	HEXACO_E_mean	exclamation_rate_per_1k	50		
profile	glm_5_1	GLM 5.1	z-ai/glm-5.1	psych	psychometric_only	HEXACO_E_mean	question_rate_per_1k	50		
profile	glm_5_1	GLM 5.1	z-ai/glm-5.1	psych	psychometric_only	HEXACO_E_mean	section_count	0		
profile	glm_5_1	GLM 5.1	z-ai/glm-5.1	psych	psychometric_only	HEXACO_E_mean	section_words_mean	0		
profile	glm_5_1	GLM 5.1	z-ai/glm-5.1	psych	psychometric_only	HEXACO_E_mean	section_words_sd	0		
profile	glm_5_1	GLM 5.1	z-ai/glm-5.1	psych	psychometric_only	HEXACO_E_mean	section_words_cv	0		
profile	glm_5_1	GLM 5.1	z-ai/glm-5.1	psych	psychometric_only	HEXACO_EX_mean	total_words	50	-0.09393929096246496	0.09393929096246496
profile	glm_5_1	GLM 5.1	z-ai/glm-5.1	psych	psychometric_only	HEXACO_EX_mean	unique_word_rate	50	0.11431524994031816	0.11431524994031816
profile	glm_5_1	GLM 5.1	z-ai/glm-5.1	psych	psychometric_only	HEXACO_EX_mean	first_person_rate_per_1k	50		
profile	glm_5_1	GLM 5.1	z-ai/glm-5.1	psych	psychometric_only	HEXACO_EX_mean	we_rate_per_1k	50		
profile	glm_5_1	GLM 5.1	z-ai/glm-5.1	psych	psychometric_only	HEXACO_EX_mean	social_word_rate_per_1k	50	0.017544231134376823	0.017544231134376823
profile	glm_5_1	GLM 5.1	z-ai/glm-5.1	psych	psychometric_only	HEXACO_EX_mean	exclamation_rate_per_1k	50		
profile	glm_5_1	GLM 5.1	z-ai/glm-5.1	psych	psychometric_only	HEXACO_EX_mean	question_rate_per_1k	50		
profile	glm_5_1	GLM 5.1	z-ai/glm-5.1	psych	psychometric_only	HEXACO_EX_mean	section_count	0		
profile	glm_5_1	GLM 5.1	z-ai/glm-5.1	psych	psychometric_only	HEXACO_EX_mean	section_words_mean	0		
profile	glm_5_1	GLM 5.1	z-ai/glm-5.1	psych	psychometric_only	HEXACO_EX_mean	section_words_sd	0		
profile	glm_5_1	GLM 5.1	z-ai/glm-5.1	psych	psychometric_only	HEXACO_EX_mean	section_words_cv	0		
profile	glm_5_1	GLM 5.1	z-ai/glm-5.1	psych	psychometric_only	HEXACO_A_mean	total_words	50	-0.07540591423103299	0.07540591423103299
profile	glm_5_1	GLM 5.1	z-ai/glm-5.1	psych	psychometric_only	HEXACO_A_mean	unique_word_rate	50	-0.07626896691727457	0.07626896691727457
profile	glm_5_1	GLM 5.1	z-ai/glm-5.1	psych	psychometric_only	HEXACO_A_mean	first_person_rate_per_1k	50		
profile	glm_5_1	GLM 5.1	z-ai/glm-5.1	psych	psychometric_only	HEXACO_A_mean	we_rate_per_1k	50		
profile	glm_5_1	GLM 5.1	z-ai/glm-5.1	psych	psychometric_only	HEXACO_A_mean	social_word_rate_per_1k	50	0.25402506337663866	0.25402506337663866
profile	glm_5_1	GLM 5.1	z-ai/glm-5.1	psych	psychometric_only	HEXACO_A_mean	exclamation_rate_per_1k	50		
profile	glm_5_1	GLM 5.1	z-ai/glm-5.1	psych	psychometric_only	HEXACO_A_mean	question_rate_per_1k	50		
profile	glm_5_1	GLM 5.1	z-ai/glm-5.1	psych	psychometric_only	HEXACO_A_mean	section_count	0		
profile	glm_5_1	GLM 5.1	z-ai/glm-5.1	psych	psychometric_only	HEXACO_A_mean	section_words_mean	0		
profile	glm_5_1	GLM 5.1	z-ai/glm-5.1	psych	psychometric_only	HEXACO_A_mean	section_words_sd	0		
profile	glm_5_1	GLM 5.1	z-ai/glm-5.1	psych	psychometric_only	HEXACO_A_mean	section_words_cv	0		
profile	glm_5_1	GLM 5.1	z-ai/glm-5.1	psych	psychometric_only	HEXACO_C_mean	total_words	50	-0.15983355546357775	0.15983355546357775
profile	glm_5_1	GLM 5.1	z-ai/glm-5.1	psych	psychometric_only	HEXACO_C_mean	unique_word_rate	50	0.14162214797530934	0.14162214797530934
profile	glm_5_1	GLM 5.1	z-ai/glm-5.1	psych	psychometric_only	HEXACO_C_mean	first_person_rate_per_1k	50		
profile	glm_5_1	GLM 5.1	z-ai/glm-5.1	psych	psychometric_only	HEXACO_C_mean	we_rate_per_1k	50		
profile	glm_5_1	GLM 5.1	z-ai/glm-5.1	psych	psychometric_only	HEXACO_C_mean	social_word_rate_per_1k	50	-0.009125339526734805	0.009125339526734805
profile	glm_5_1	GLM 5.1	z-ai/glm-5.1	psych	psychometric_only	HEXACO_C_mean	exclamation_rate_per_1k	50		
profile	glm_5_1	GLM 5.1	z-ai/glm-5.1	psych	psychometric_only	HEXACO_C_mean	question_rate_per_1k	50		
profile	glm_5_1	GLM 5.1	z-ai/glm-5.1	psych	psychometric_only	HEXACO_C_mean	section_count	0		
profile	glm_5_1	GLM 5.1	z-ai/glm-5.1	psych	psychometric_only	HEXACO_C_mean	section_words_mean	0		
profile	glm_5_1	GLM 5.1	z-ai/glm-5.1	psych	psychometric_only	HEXACO_C_mean	section_words_sd	0		
profile	glm_5_1	GLM 5.1	z-ai/glm-5.1	psych	psychometric_only	HEXACO_C_mean	section_words_cv	0		
profile	glm_5_1	GLM 5.1	z-ai/glm-5.1	psych	psychometric_only	HEXACO_OP_mean	total_words	50	-0.22447216040498802	0.22447216040498802
profile	glm_5_1	GLM 5.1	z-ai/glm-5.1	psych	psychometric_only	HEXACO_OP_mean	unique_word_rate	50	0.10562767232105712	0.10562767232105712
profile	glm_5_1	GLM 5.1	z-ai/glm-5.1	psych	psychometric_only	HEXACO_OP_mean	first_person_rate_per_1k	50		
profile	glm_5_1	GLM 5.1	z-ai/glm-5.1	psych	psychometric_only	HEXACO_OP_mean	we_rate_per_1k	50		
profile	glm_5_1	GLM 5.1	z-ai/glm-5.1	psych	psychometric_only	HEXACO_OP_mean	social_word_rate_per_1k	50	0.08543758117200072	0.08543758117200072
profile	glm_5_1	GLM 5.1	z-ai/glm-5.1	psych	psychometric_only	HEXACO_OP_mean	exclamation_rate_per_1k	50		
profile	glm_5_1	GLM 5.1	z-ai/glm-5.1	psych	psychometric_only	HEXACO_OP_mean	question_rate_per_1k	50		
profile	glm_5_1	GLM 5.1	z-ai/glm-5.1	psych	psychometric_only	HEXACO_OP_mean	section_count	0		
profile	glm_5_1	GLM 5.1	z-ai/glm-5.1	psych	psychometric_only	HEXACO_OP_mean	section_words_mean	0		
profile	glm_5_1	GLM 5.1	z-ai/glm-5.1	psych	psychometric_only	HEXACO_OP_mean	section_words_sd	0		
profile	glm_5_1	GLM 5.1	z-ai/glm-5.1	psych	psychometric_only	HEXACO_OP_mean	section_words_cv	0		
profile	kimi_k26	Kimi K2.6	moonshotai/kimi-k2.6	interwoven	interwoven_biography	HEXACO_HH_mean	total_words	50	-0.13321314306222268	0.13321314306222268
profile	kimi_k26	Kimi K2.6	moonshotai/kimi-k2.6	interwoven	interwoven_biography	HEXACO_HH_mean	unique_word_rate	50	0.2231312791333013	0.2231312791333013
profile	kimi_k26	Kimi K2.6	moonshotai/kimi-k2.6	interwoven	interwoven_biography	HEXACO_HH_mean	first_person_rate_per_1k	50		
profile	kimi_k26	Kimi K2.6	moonshotai/kimi-k2.6	interwoven	interwoven_biography	HEXACO_HH_mean	we_rate_per_1k	50		
profile	kimi_k26	Kimi K2.6	moonshotai/kimi-k2.6	interwoven	interwoven_biography	HEXACO_HH_mean	social_word_rate_per_1k	50	-0.10065001799944133	0.10065001799944133
profile	kimi_k26	Kimi K2.6	moonshotai/kimi-k2.6	interwoven	interwoven_biography	HEXACO_HH_mean	exclamation_rate_per_1k	50		
profile	kimi_k26	Kimi K2.6	moonshotai/kimi-k2.6	interwoven	interwoven_biography	HEXACO_HH_mean	question_rate_per_1k	50		
profile	kimi_k26	Kimi K2.6	moonshotai/kimi-k2.6	interwoven	interwoven_biography	HEXACO_HH_mean	section_count	0		
profile	kimi_k26	Kimi K2.6	moonshotai/kimi-k2.6	interwoven	interwoven_biography	HEXACO_HH_mean	section_words_mean	0		
profile	kimi_k26	Kimi K2.6	moonshotai/kimi-k2.6	interwoven	interwoven_biography	HEXACO_HH_mean	section_words_sd	0		
profile	kimi_k26	Kimi K2.6	moonshotai/kimi-k2.6	interwoven	interwoven_biography	HEXACO_HH_mean	section_words_cv	0		
profile	kimi_k26	Kimi K2.6	moonshotai/kimi-k2.6	interwoven	interwoven_biography	HEXACO_E_mean	total_words	50	-0.11134170522788123	0.11134170522788123
profile	kimi_k26	Kimi K2.6	moonshotai/kimi-k2.6	interwoven	interwoven_biography	HEXACO_E_mean	unique_word_rate	50	0.20722027019280745	0.20722027019280745
profile	kimi_k26	Kimi K2.6	moonshotai/kimi-k2.6	interwoven	interwoven_biography	HEXACO_E_mean	first_person_rate_per_1k	50		
profile	kimi_k26	Kimi K2.6	moonshotai/kimi-k2.6	interwoven	interwoven_biography	HEXACO_E_mean	we_rate_per_1k	50		
profile	kimi_k26	Kimi K2.6	moonshotai/kimi-k2.6	interwoven	interwoven_biography	HEXACO_E_mean	social_word_rate_per_1k	50	0.20965311108034065	0.20965311108034065
profile	kimi_k26	Kimi K2.6	moonshotai/kimi-k2.6	interwoven	interwoven_biography	HEXACO_E_mean	exclamation_rate_per_1k	50		
profile	kimi_k26	Kimi K2.6	moonshotai/kimi-k2.6	interwoven	interwoven_biography	HEXACO_E_mean	question_rate_per_1k	50		
profile	kimi_k26	Kimi K2.6	moonshotai/kimi-k2.6	interwoven	interwoven_biography	HEXACO_E_mean	section_count	0		
profile	kimi_k26	Kimi K2.6	moonshotai/kimi-k2.6	interwoven	interwoven_biography	HEXACO_E_mean	section_words_mean	0		
profile	kimi_k26	Kimi K2.6	moonshotai/kimi-k2.6	interwoven	interwoven_biography	HEXACO_E_mean	section_words_sd	0		
profile	kimi_k26	Kimi K2.6	moonshotai/kimi-k2.6	interwoven	interwoven_biography	HEXACO_E_mean	section_words_cv	0		
profile	kimi_k26	Kimi K2.6	moonshotai/kimi-k2.6	interwoven	interwoven_biography	HEXACO_EX_mean	total_words	50	-0.004930286875776104	0.004930286875776104
profile	kimi_k26	Kimi K2.6	moonshotai/kimi-k2.6	interwoven	interwoven_biography	HEXACO_EX_mean	unique_word_rate	50	-0.005214770883757675	0.005214770883757675
profile	kimi_k26	Kimi K2.6	moonshotai/kimi-k2.6	interwoven	interwoven_biography	HEXACO_EX_mean	first_person_rate_per_1k	50		
profile	kimi_k26	Kimi K2.6	moonshotai/kimi-k2.6	interwoven	interwoven_biography	HEXACO_EX_mean	we_rate_per_1k	50		
profile	kimi_k26	Kimi K2.6	moonshotai/kimi-k2.6	interwoven	interwoven_biography	HEXACO_EX_mean	social_word_rate_per_1k	50	0.053092808334946645	0.053092808334946645
profile	kimi_k26	Kimi K2.6	moonshotai/kimi-k2.6	interwoven	interwoven_biography	HEXACO_EX_mean	exclamation_rate_per_1k	50		
profile	kimi_k26	Kimi K2.6	moonshotai/kimi-k2.6	interwoven	interwoven_biography	HEXACO_EX_mean	question_rate_per_1k	50		
profile	kimi_k26	Kimi K2.6	moonshotai/kimi-k2.6	interwoven	interwoven_biography	HEXACO_EX_mean	section_count	0		
profile	kimi_k26	Kimi K2.6	moonshotai/kimi-k2.6	interwoven	interwoven_biography	HEXACO_EX_mean	section_words_mean	0		
profile	kimi_k26	Kimi K2.6	moonshotai/kimi-k2.6	interwoven	interwoven_biography	HEXACO_EX_mean	section_words_sd	0		
profile	kimi_k26	Kimi K2.6	moonshotai/kimi-k2.6	interwoven	interwoven_biography	HEXACO_EX_mean	section_words_cv	0		
profile	kimi_k26	Kimi K2.6	moonshotai/kimi-k2.6	interwoven	interwoven_biography	HEXACO_A_mean	total_words	50	-0.16494878347998818	0.16494878347998818
profile	kimi_k26	Kimi K2.6	moonshotai/kimi-k2.6	interwoven	interwoven_biography	HEXACO_A_mean	unique_word_rate	50	0.11809329961952003	0.11809329961952003
profile	kimi_k26	Kimi K2.6	moonshotai/kimi-k2.6	interwoven	interwoven_biography	HEXACO_A_mean	first_person_rate_per_1k	50		
profile	kimi_k26	Kimi K2.6	moonshotai/kimi-k2.6	interwoven	interwoven_biography	HEXACO_A_mean	we_rate_per_1k	50		
profile	kimi_k26	Kimi K2.6	moonshotai/kimi-k2.6	interwoven	interwoven_biography	HEXACO_A_mean	social_word_rate_per_1k	50	0.08621895962293874	0.08621895962293874
profile	kimi_k26	Kimi K2.6	moonshotai/kimi-k2.6	interwoven	interwoven_biography	HEXACO_A_mean	exclamation_rate_per_1k	50		
profile	kimi_k26	Kimi K2.6	moonshotai/kimi-k2.6	interwoven	interwoven_biography	HEXACO_A_mean	question_rate_per_1k	50		
profile	kimi_k26	Kimi K2.6	moonshotai/kimi-k2.6	interwoven	interwoven_biography	HEXACO_A_mean	section_count	0		
profile	kimi_k26	Kimi K2.6	moonshotai/kimi-k2.6	interwoven	interwoven_biography	HEXACO_A_mean	section_words_mean	0		
profile	kimi_k26	Kimi K2.6	moonshotai/kimi-k2.6	interwoven	interwoven_biography	HEXACO_A_mean	section_words_sd	0		
profile	kimi_k26	Kimi K2.6	moonshotai/kimi-k2.6	interwoven	interwoven_biography	HEXACO_A_mean	section_words_cv	0		
profile	kimi_k26	Kimi K2.6	moonshotai/kimi-k2.6	interwoven	interwoven_biography	HEXACO_C_mean	total_words	50	0.08565308837982724	0.08565308837982724
profile	kimi_k26	Kimi K2.6	moonshotai/kimi-k2.6	interwoven	interwoven_biography	HEXACO_C_mean	unique_word_rate	50	0.04073187013271555	0.04073187013271555
profile	kimi_k26	Kimi K2.6	moonshotai/kimi-k2.6	interwoven	interwoven_biography	HEXACO_C_mean	first_person_rate_per_1k	50		
profile	kimi_k26	Kimi K2.6	moonshotai/kimi-k2.6	interwoven	interwoven_biography	HEXACO_C_mean	we_rate_per_1k	50		
profile	kimi_k26	Kimi K2.6	moonshotai/kimi-k2.6	interwoven	interwoven_biography	HEXACO_C_mean	social_word_rate_per_1k	50	0.00669224521842707	0.00669224521842707
profile	kimi_k26	Kimi K2.6	moonshotai/kimi-k2.6	interwoven	interwoven_biography	HEXACO_C_mean	exclamation_rate_per_1k	50		
profile	kimi_k26	Kimi K2.6	moonshotai/kimi-k2.6	interwoven	interwoven_biography	HEXACO_C_mean	question_rate_per_1k	50		
profile	kimi_k26	Kimi K2.6	moonshotai/kimi-k2.6	interwoven	interwoven_biography	HEXACO_C_mean	section_count	0		
profile	kimi_k26	Kimi K2.6	moonshotai/kimi-k2.6	interwoven	interwoven_biography	HEXACO_C_mean	section_words_mean	0		
profile	kimi_k26	Kimi K2.6	moonshotai/kimi-k2.6	interwoven	interwoven_biography	HEXACO_C_mean	section_words_sd	0		
profile	kimi_k26	Kimi K2.6	moonshotai/kimi-k2.6	interwoven	interwoven_biography	HEXACO_C_mean	section_words_cv	0		
profile	kimi_k26	Kimi K2.6	moonshotai/kimi-k2.6	interwoven	interwoven_biography	HEXACO_OP_mean	total_words	50	-0.03025798303457667	0.03025798303457667
profile	kimi_k26	Kimi K2.6	moonshotai/kimi-k2.6	interwoven	interwoven_biography	HEXACO_OP_mean	unique_word_rate	50	0.32526632059649185	0.32526632059649185
profile	kimi_k26	Kimi K2.6	moonshotai/kimi-k2.6	interwoven	interwoven_biography	HEXACO_OP_mean	first_person_rate_per_1k	50		
profile	kimi_k26	Kimi K2.6	moonshotai/kimi-k2.6	interwoven	interwoven_biography	HEXACO_OP_mean	we_rate_per_1k	50		
profile	kimi_k26	Kimi K2.6	moonshotai/kimi-k2.6	interwoven	interwoven_biography	HEXACO_OP_mean	social_word_rate_per_1k	50	0.08192359872516186	0.08192359872516186
profile	kimi_k26	Kimi K2.6	moonshotai/kimi-k2.6	interwoven	interwoven_biography	HEXACO_OP_mean	exclamation_rate_per_1k	50		
profile	kimi_k26	Kimi K2.6	moonshotai/kimi-k2.6	interwoven	interwoven_biography	HEXACO_OP_mean	question_rate_per_1k	50		
profile	kimi_k26	Kimi K2.6	moonshotai/kimi-k2.6	interwoven	interwoven_biography	HEXACO_OP_mean	section_count	0		
profile	kimi_k26	Kimi K2.6	moonshotai/kimi-k2.6	interwoven	interwoven_biography	HEXACO_OP_mean	section_words_mean	0		
profile	kimi_k26	Kimi K2.6	moonshotai/kimi-k2.6	interwoven	interwoven_biography	HEXACO_OP_mean	section_words_sd	0		
profile	kimi_k26	Kimi K2.6	moonshotai/kimi-k2.6	interwoven	interwoven_biography	HEXACO_OP_mean	section_words_cv	0		
profile	kimi_k26	Kimi K2.6	moonshotai/kimi-k2.6	psych	psychometric_only	HEXACO_HH_mean	total_words	50	-0.05203709380368193	0.05203709380368193
profile	kimi_k26	Kimi K2.6	moonshotai/kimi-k2.6	psych	psychometric_only	HEXACO_HH_mean	unique_word_rate	50	0.31850796045050866	0.31850796045050866
profile	kimi_k26	Kimi K2.6	moonshotai/kimi-k2.6	psych	psychometric_only	HEXACO_HH_mean	first_person_rate_per_1k	50		
profile	kimi_k26	Kimi K2.6	moonshotai/kimi-k2.6	psych	psychometric_only	HEXACO_HH_mean	we_rate_per_1k	50		
profile	kimi_k26	Kimi K2.6	moonshotai/kimi-k2.6	psych	psychometric_only	HEXACO_HH_mean	social_word_rate_per_1k	50	-0.33564448911014744	0.33564448911014744
profile	kimi_k26	Kimi K2.6	moonshotai/kimi-k2.6	psych	psychometric_only	HEXACO_HH_mean	exclamation_rate_per_1k	50		
profile	kimi_k26	Kimi K2.6	moonshotai/kimi-k2.6	psych	psychometric_only	HEXACO_HH_mean	question_rate_per_1k	50		
profile	kimi_k26	Kimi K2.6	moonshotai/kimi-k2.6	psych	psychometric_only	HEXACO_HH_mean	section_count	0		
profile	kimi_k26	Kimi K2.6	moonshotai/kimi-k2.6	psych	psychometric_only	HEXACO_HH_mean	section_words_mean	0		
profile	kimi_k26	Kimi K2.6	moonshotai/kimi-k2.6	psych	psychometric_only	HEXACO_HH_mean	section_words_sd	0		
profile	kimi_k26	Kimi K2.6	moonshotai/kimi-k2.6	psych	psychometric_only	HEXACO_HH_mean	section_words_cv	0		
profile	kimi_k26	Kimi K2.6	moonshotai/kimi-k2.6	psych	psychometric_only	HEXACO_E_mean	total_words	50	-0.12215134541644017	0.12215134541644017
profile	kimi_k26	Kimi K2.6	moonshotai/kimi-k2.6	psych	psychometric_only	HEXACO_E_mean	unique_word_rate	50	0.21639183707936255	0.21639183707936255
profile	kimi_k26	Kimi K2.6	moonshotai/kimi-k2.6	psych	psychometric_only	HEXACO_E_mean	first_person_rate_per_1k	50		
profile	kimi_k26	Kimi K2.6	moonshotai/kimi-k2.6	psych	psychometric_only	HEXACO_E_mean	we_rate_per_1k	50		
profile	kimi_k26	Kimi K2.6	moonshotai/kimi-k2.6	psych	psychometric_only	HEXACO_E_mean	social_word_rate_per_1k	50	0.0702213350191932	0.0702213350191932
profile	kimi_k26	Kimi K2.6	moonshotai/kimi-k2.6	psych	psychometric_only	HEXACO_E_mean	exclamation_rate_per_1k	50		
profile	kimi_k26	Kimi K2.6	moonshotai/kimi-k2.6	psych	psychometric_only	HEXACO_E_mean	question_rate_per_1k	50		
profile	kimi_k26	Kimi K2.6	moonshotai/kimi-k2.6	psych	psychometric_only	HEXACO_E_mean	section_count	0		
profile	kimi_k26	Kimi K2.6	moonshotai/kimi-k2.6	psych	psychometric_only	HEXACO_E_mean	section_words_mean	0		
profile	kimi_k26	Kimi K2.6	moonshotai/kimi-k2.6	psych	psychometric_only	HEXACO_E_mean	section_words_sd	0		
profile	kimi_k26	Kimi K2.6	moonshotai/kimi-k2.6	psych	psychometric_only	HEXACO_E_mean	section_words_cv	0		
profile	kimi_k26	Kimi K2.6	moonshotai/kimi-k2.6	psych	psychometric_only	HEXACO_EX_mean	total_words	50	-0.19441110259971847	0.19441110259971847
profile	kimi_k26	Kimi K2.6	moonshotai/kimi-k2.6	psych	psychometric_only	HEXACO_EX_mean	unique_word_rate	50	0.11036438917225012	0.11036438917225012
profile	kimi_k26	Kimi K2.6	moonshotai/kimi-k2.6	psych	psychometric_only	HEXACO_EX_mean	first_person_rate_per_1k	50		
profile	kimi_k26	Kimi K2.6	moonshotai/kimi-k2.6	psych	psychometric_only	HEXACO_EX_mean	we_rate_per_1k	50		
profile	kimi_k26	Kimi K2.6	moonshotai/kimi-k2.6	psych	psychometric_only	HEXACO_EX_mean	social_word_rate_per_1k	50	-0.027434854727154935	0.027434854727154935
profile	kimi_k26	Kimi K2.6	moonshotai/kimi-k2.6	psych	psychometric_only	HEXACO_EX_mean	exclamation_rate_per_1k	50		
profile	kimi_k26	Kimi K2.6	moonshotai/kimi-k2.6	psych	psychometric_only	HEXACO_EX_mean	question_rate_per_1k	50		
profile	kimi_k26	Kimi K2.6	moonshotai/kimi-k2.6	psych	psychometric_only	HEXACO_EX_mean	section_count	0		
profile	kimi_k26	Kimi K2.6	moonshotai/kimi-k2.6	psych	psychometric_only	HEXACO_EX_mean	section_words_mean	0		
profile	kimi_k26	Kimi K2.6	moonshotai/kimi-k2.6	psych	psychometric_only	HEXACO_EX_mean	section_words_sd	0		
profile	kimi_k26	Kimi K2.6	moonshotai/kimi-k2.6	psych	psychometric_only	HEXACO_EX_mean	section_words_cv	0		
profile	kimi_k26	Kimi K2.6	moonshotai/kimi-k2.6	psych	psychometric_only	HEXACO_A_mean	total_words	50	-0.04278912159104362	0.04278912159104362
profile	kimi_k26	Kimi K2.6	moonshotai/kimi-k2.6	psych	psychometric_only	HEXACO_A_mean	unique_word_rate	50	0.041079410712418545	0.041079410712418545
profile	kimi_k26	Kimi K2.6	moonshotai/kimi-k2.6	psych	psychometric_only	HEXACO_A_mean	first_person_rate_per_1k	50		
profile	kimi_k26	Kimi K2.6	moonshotai/kimi-k2.6	psych	psychometric_only	HEXACO_A_mean	we_rate_per_1k	50		
profile	kimi_k26	Kimi K2.6	moonshotai/kimi-k2.6	psych	psychometric_only	HEXACO_A_mean	social_word_rate_per_1k	50	-0.03504980799480046	0.03504980799480046
profile	kimi_k26	Kimi K2.6	moonshotai/kimi-k2.6	psych	psychometric_only	HEXACO_A_mean	exclamation_rate_per_1k	50		
profile	kimi_k26	Kimi K2.6	moonshotai/kimi-k2.6	psych	psychometric_only	HEXACO_A_mean	question_rate_per_1k	50		
profile	kimi_k26	Kimi K2.6	moonshotai/kimi-k2.6	psych	psychometric_only	HEXACO_A_mean	section_count	0		
profile	kimi_k26	Kimi K2.6	moonshotai/kimi-k2.6	psych	psychometric_only	HEXACO_A_mean	section_words_mean	0		
profile	kimi_k26	Kimi K2.6	moonshotai/kimi-k2.6	psych	psychometric_only	HEXACO_A_mean	section_words_sd	0		
profile	kimi_k26	Kimi K2.6	moonshotai/kimi-k2.6	psych	psychometric_only	HEXACO_A_mean	section_words_cv	0		
profile	kimi_k26	Kimi K2.6	moonshotai/kimi-k2.6	psych	psychometric_only	HEXACO_C_mean	total_words	50	0.12602539991475736	0.12602539991475736
profile	kimi_k26	Kimi K2.6	moonshotai/kimi-k2.6	psych	psychometric_only	HEXACO_C_mean	unique_word_rate	50	0.05821945732438173	0.05821945732438173
profile	kimi_k26	Kimi K2.6	moonshotai/kimi-k2.6	psych	psychometric_only	HEXACO_C_mean	first_person_rate_per_1k	50		
profile	kimi_k26	Kimi K2.6	moonshotai/kimi-k2.6	psych	psychometric_only	HEXACO_C_mean	we_rate_per_1k	50		
profile	kimi_k26	Kimi K2.6	moonshotai/kimi-k2.6	psych	psychometric_only	HEXACO_C_mean	social_word_rate_per_1k	50	0.022720491516461504	0.022720491516461504
profile	kimi_k26	Kimi K2.6	moonshotai/kimi-k2.6	psych	psychometric_only	HEXACO_C_mean	exclamation_rate_per_1k	50		
profile	kimi_k26	Kimi K2.6	moonshotai/kimi-k2.6	psych	psychometric_only	HEXACO_C_mean	question_rate_per_1k	50		
profile	kimi_k26	Kimi K2.6	moonshotai/kimi-k2.6	psych	psychometric_only	HEXACO_C_mean	section_count	0		
profile	kimi_k26	Kimi K2.6	moonshotai/kimi-k2.6	psych	psychometric_only	HEXACO_C_mean	section_words_mean	0		
profile	kimi_k26	Kimi K2.6	moonshotai/kimi-k2.6	psych	psychometric_only	HEXACO_C_mean	section_words_sd	0		
profile	kimi_k26	Kimi K2.6	moonshotai/kimi-k2.6	psych	psychometric_only	HEXACO_C_mean	section_words_cv	0		
profile	kimi_k26	Kimi K2.6	moonshotai/kimi-k2.6	psych	psychometric_only	HEXACO_OP_mean	total_words	50	-0.32599930428696694	0.32599930428696694
profile	kimi_k26	Kimi K2.6	moonshotai/kimi-k2.6	psych	psychometric_only	HEXACO_OP_mean	unique_word_rate	50	0.38562955623099127	0.38562955623099127
profile	kimi_k26	Kimi K2.6	moonshotai/kimi-k2.6	psych	psychometric_only	HEXACO_OP_mean	first_person_rate_per_1k	50		
profile	kimi_k26	Kimi K2.6	moonshotai/kimi-k2.6	psych	psychometric_only	HEXACO_OP_mean	we_rate_per_1k	50		
profile	kimi_k26	Kimi K2.6	moonshotai/kimi-k2.6	psych	psychometric_only	HEXACO_OP_mean	social_word_rate_per_1k	50	0.06610609202165448	0.06610609202165448
profile	kimi_k26	Kimi K2.6	moonshotai/kimi-k2.6	psych	psychometric_only	HEXACO_OP_mean	exclamation_rate_per_1k	50		
profile	kimi_k26	Kimi K2.6	moonshotai/kimi-k2.6	psych	psychometric_only	HEXACO_OP_mean	question_rate_per_1k	50		
profile	kimi_k26	Kimi K2.6	moonshotai/kimi-k2.6	psych	psychometric_only	HEXACO_OP_mean	section_count	0		
profile	kimi_k26	Kimi K2.6	moonshotai/kimi-k2.6	psych	psychometric_only	HEXACO_OP_mean	section_words_mean	0		
profile	kimi_k26	Kimi K2.6	moonshotai/kimi-k2.6	psych	psychometric_only	HEXACO_OP_mean	section_words_sd	0		
profile	kimi_k26	Kimi K2.6	moonshotai/kimi-k2.6	psych	psychometric_only	HEXACO_OP_mean	section_words_cv	0		
profile	mimo_v25_pro	MiMo v2.5 Pro	xiaomi/mimo-v2.5-pro	interwoven	interwoven_biography	HEXACO_HH_mean	total_words	50	0.12365595183659259	0.12365595183659259
profile	mimo_v25_pro	MiMo v2.5 Pro	xiaomi/mimo-v2.5-pro	interwoven	interwoven_biography	HEXACO_HH_mean	unique_word_rate	50	-0.3699993838831025	0.3699993838831025
profile	mimo_v25_pro	MiMo v2.5 Pro	xiaomi/mimo-v2.5-pro	interwoven	interwoven_biography	HEXACO_HH_mean	first_person_rate_per_1k	50		
profile	mimo_v25_pro	MiMo v2.5 Pro	xiaomi/mimo-v2.5-pro	interwoven	interwoven_biography	HEXACO_HH_mean	we_rate_per_1k	50		
profile	mimo_v25_pro	MiMo v2.5 Pro	xiaomi/mimo-v2.5-pro	interwoven	interwoven_biography	HEXACO_HH_mean	social_word_rate_per_1k	50	0.1867145260971204	0.1867145260971204
profile	mimo_v25_pro	MiMo v2.5 Pro	xiaomi/mimo-v2.5-pro	interwoven	interwoven_biography	HEXACO_HH_mean	exclamation_rate_per_1k	50		
profile	mimo_v25_pro	MiMo v2.5 Pro	xiaomi/mimo-v2.5-pro	interwoven	interwoven_biography	HEXACO_HH_mean	question_rate_per_1k	50		
profile	mimo_v25_pro	MiMo v2.5 Pro	xiaomi/mimo-v2.5-pro	interwoven	interwoven_biography	HEXACO_HH_mean	section_count	0		
profile	mimo_v25_pro	MiMo v2.5 Pro	xiaomi/mimo-v2.5-pro	interwoven	interwoven_biography	HEXACO_HH_mean	section_words_mean	0		
profile	mimo_v25_pro	MiMo v2.5 Pro	xiaomi/mimo-v2.5-pro	interwoven	interwoven_biography	HEXACO_HH_mean	section_words_sd	0		
profile	mimo_v25_pro	MiMo v2.5 Pro	xiaomi/mimo-v2.5-pro	interwoven	interwoven_biography	HEXACO_HH_mean	section_words_cv	0		
profile	mimo_v25_pro	MiMo v2.5 Pro	xiaomi/mimo-v2.5-pro	interwoven	interwoven_biography	HEXACO_E_mean	total_words	50	-0.12631703067317643	0.12631703067317643
profile	mimo_v25_pro	MiMo v2.5 Pro	xiaomi/mimo-v2.5-pro	interwoven	interwoven_biography	HEXACO_E_mean	unique_word_rate	50	0.15872000415777018	0.15872000415777018
profile	mimo_v25_pro	MiMo v2.5 Pro	xiaomi/mimo-v2.5-pro	interwoven	interwoven_biography	HEXACO_E_mean	first_person_rate_per_1k	50		
profile	mimo_v25_pro	MiMo v2.5 Pro	xiaomi/mimo-v2.5-pro	interwoven	interwoven_biography	HEXACO_E_mean	we_rate_per_1k	50		
profile	mimo_v25_pro	MiMo v2.5 Pro	xiaomi/mimo-v2.5-pro	interwoven	interwoven_biography	HEXACO_E_mean	social_word_rate_per_1k	50	-0.30816326179314035	0.30816326179314035
profile	mimo_v25_pro	MiMo v2.5 Pro	xiaomi/mimo-v2.5-pro	interwoven	interwoven_biography	HEXACO_E_mean	exclamation_rate_per_1k	50		
profile	mimo_v25_pro	MiMo v2.5 Pro	xiaomi/mimo-v2.5-pro	interwoven	interwoven_biography	HEXACO_E_mean	question_rate_per_1k	50		
profile	mimo_v25_pro	MiMo v2.5 Pro	xiaomi/mimo-v2.5-pro	interwoven	interwoven_biography	HEXACO_E_mean	section_count	0		
profile	mimo_v25_pro	MiMo v2.5 Pro	xiaomi/mimo-v2.5-pro	interwoven	interwoven_biography	HEXACO_E_mean	section_words_mean	0		
profile	mimo_v25_pro	MiMo v2.5 Pro	xiaomi/mimo-v2.5-pro	interwoven	interwoven_biography	HEXACO_E_mean	section_words_sd	0		
profile	mimo_v25_pro	MiMo v2.5 Pro	xiaomi/mimo-v2.5-pro	interwoven	interwoven_biography	HEXACO_E_mean	section_words_cv	0		
profile	mimo_v25_pro	MiMo v2.5 Pro	xiaomi/mimo-v2.5-pro	interwoven	interwoven_biography	HEXACO_EX_mean	total_words	50	0.061024262042586756	0.061024262042586756
profile	mimo_v25_pro	MiMo v2.5 Pro	xiaomi/mimo-v2.5-pro	interwoven	interwoven_biography	HEXACO_EX_mean	unique_word_rate	50	-0.13116159631806057	0.13116159631806057
profile	mimo_v25_pro	MiMo v2.5 Pro	xiaomi/mimo-v2.5-pro	interwoven	interwoven_biography	HEXACO_EX_mean	first_person_rate_per_1k	50		
profile	mimo_v25_pro	MiMo v2.5 Pro	xiaomi/mimo-v2.5-pro	interwoven	interwoven_biography	HEXACO_EX_mean	we_rate_per_1k	50		
profile	mimo_v25_pro	MiMo v2.5 Pro	xiaomi/mimo-v2.5-pro	interwoven	interwoven_biography	HEXACO_EX_mean	social_word_rate_per_1k	50	0.4417673832897833	0.4417673832897833
profile	mimo_v25_pro	MiMo v2.5 Pro	xiaomi/mimo-v2.5-pro	interwoven	interwoven_biography	HEXACO_EX_mean	exclamation_rate_per_1k	50		
profile	mimo_v25_pro	MiMo v2.5 Pro	xiaomi/mimo-v2.5-pro	interwoven	interwoven_biography	HEXACO_EX_mean	question_rate_per_1k	50		
profile	mimo_v25_pro	MiMo v2.5 Pro	xiaomi/mimo-v2.5-pro	interwoven	interwoven_biography	HEXACO_EX_mean	section_count	0		
profile	mimo_v25_pro	MiMo v2.5 Pro	xiaomi/mimo-v2.5-pro	interwoven	interwoven_biography	HEXACO_EX_mean	section_words_mean	0		
profile	mimo_v25_pro	MiMo v2.5 Pro	xiaomi/mimo-v2.5-pro	interwoven	interwoven_biography	HEXACO_EX_mean	section_words_sd	0		
profile	mimo_v25_pro	MiMo v2.5 Pro	xiaomi/mimo-v2.5-pro	interwoven	interwoven_biography	HEXACO_EX_mean	section_words_cv	0		
profile	mimo_v25_pro	MiMo v2.5 Pro	xiaomi/mimo-v2.5-pro	interwoven	interwoven_biography	HEXACO_A_mean	total_words	50	-0.14133945870575954	0.14133945870575954
profile	mimo_v25_pro	MiMo v2.5 Pro	xiaomi/mimo-v2.5-pro	interwoven	interwoven_biography	HEXACO_A_mean	unique_word_rate	50	-0.058940849319246404	0.058940849319246404
profile	mimo_v25_pro	MiMo v2.5 Pro	xiaomi/mimo-v2.5-pro	interwoven	interwoven_biography	HEXACO_A_mean	first_person_rate_per_1k	50		
profile	mimo_v25_pro	MiMo v2.5 Pro	xiaomi/mimo-v2.5-pro	interwoven	interwoven_biography	HEXACO_A_mean	we_rate_per_1k	50		
profile	mimo_v25_pro	MiMo v2.5 Pro	xiaomi/mimo-v2.5-pro	interwoven	interwoven_biography	HEXACO_A_mean	social_word_rate_per_1k	50	0.2625990527556767	0.2625990527556767
profile	mimo_v25_pro	MiMo v2.5 Pro	xiaomi/mimo-v2.5-pro	interwoven	interwoven_biography	HEXACO_A_mean	exclamation_rate_per_1k	50		
profile	mimo_v25_pro	MiMo v2.5 Pro	xiaomi/mimo-v2.5-pro	interwoven	interwoven_biography	HEXACO_A_mean	question_rate_per_1k	50		
profile	mimo_v25_pro	MiMo v2.5 Pro	xiaomi/mimo-v2.5-pro	interwoven	interwoven_biography	HEXACO_A_mean	section_count	0		
profile	mimo_v25_pro	MiMo v2.5 Pro	xiaomi/mimo-v2.5-pro	interwoven	interwoven_biography	HEXACO_A_mean	section_words_mean	0		
profile	mimo_v25_pro	MiMo v2.5 Pro	xiaomi/mimo-v2.5-pro	interwoven	interwoven_biography	HEXACO_A_mean	section_words_sd	0		
profile	mimo_v25_pro	MiMo v2.5 Pro	xiaomi/mimo-v2.5-pro	interwoven	interwoven_biography	HEXACO_A_mean	section_words_cv	0		
profile	mimo_v25_pro	MiMo v2.5 Pro	xiaomi/mimo-v2.5-pro	interwoven	interwoven_biography	HEXACO_C_mean	total_words	50	-0.023037781313894105	0.023037781313894105
profile	mimo_v25_pro	MiMo v2.5 Pro	xiaomi/mimo-v2.5-pro	interwoven	interwoven_biography	HEXACO_C_mean	unique_word_rate	50	-0.014024550760054542	0.014024550760054542
profile	mimo_v25_pro	MiMo v2.5 Pro	xiaomi/mimo-v2.5-pro	interwoven	interwoven_biography	HEXACO_C_mean	first_person_rate_per_1k	50		
profile	mimo_v25_pro	MiMo v2.5 Pro	xiaomi/mimo-v2.5-pro	interwoven	interwoven_biography	HEXACO_C_mean	we_rate_per_1k	50		
profile	mimo_v25_pro	MiMo v2.5 Pro	xiaomi/mimo-v2.5-pro	interwoven	interwoven_biography	HEXACO_C_mean	social_word_rate_per_1k	50	0.07312823212540047	0.07312823212540047
profile	mimo_v25_pro	MiMo v2.5 Pro	xiaomi/mimo-v2.5-pro	interwoven	interwoven_biography	HEXACO_C_mean	exclamation_rate_per_1k	50		
profile	mimo_v25_pro	MiMo v2.5 Pro	xiaomi/mimo-v2.5-pro	interwoven	interwoven_biography	HEXACO_C_mean	question_rate_per_1k	50		
profile	mimo_v25_pro	MiMo v2.5 Pro	xiaomi/mimo-v2.5-pro	interwoven	interwoven_biography	HEXACO_C_mean	section_count	0		
profile	mimo_v25_pro	MiMo v2.5 Pro	xiaomi/mimo-v2.5-pro	interwoven	interwoven_biography	HEXACO_C_mean	section_words_mean	0		
profile	mimo_v25_pro	MiMo v2.5 Pro	xiaomi/mimo-v2.5-pro	interwoven	interwoven_biography	HEXACO_C_mean	section_words_sd	0		
profile	mimo_v25_pro	MiMo v2.5 Pro	xiaomi/mimo-v2.5-pro	interwoven	interwoven_biography	HEXACO_C_mean	section_words_cv	0		
profile	mimo_v25_pro	MiMo v2.5 Pro	xiaomi/mimo-v2.5-pro	interwoven	interwoven_biography	HEXACO_OP_mean	total_words	50	0.02657740139435318	0.02657740139435318
profile	mimo_v25_pro	MiMo v2.5 Pro	xiaomi/mimo-v2.5-pro	interwoven	interwoven_biography	HEXACO_OP_mean	unique_word_rate	50	-0.02703750051965667	0.02703750051965667
profile	mimo_v25_pro	MiMo v2.5 Pro	xiaomi/mimo-v2.5-pro	interwoven	interwoven_biography	HEXACO_OP_mean	first_person_rate_per_1k	50		
profile	mimo_v25_pro	MiMo v2.5 Pro	xiaomi/mimo-v2.5-pro	interwoven	interwoven_biography	HEXACO_OP_mean	we_rate_per_1k	50		
profile	mimo_v25_pro	MiMo v2.5 Pro	xiaomi/mimo-v2.5-pro	interwoven	interwoven_biography	HEXACO_OP_mean	social_word_rate_per_1k	50	0.17964218791996633	0.17964218791996633
profile	mimo_v25_pro	MiMo v2.5 Pro	xiaomi/mimo-v2.5-pro	interwoven	interwoven_biography	HEXACO_OP_mean	exclamation_rate_per_1k	50		
profile	mimo_v25_pro	MiMo v2.5 Pro	xiaomi/mimo-v2.5-pro	interwoven	interwoven_biography	HEXACO_OP_mean	question_rate_per_1k	50		
profile	mimo_v25_pro	MiMo v2.5 Pro	xiaomi/mimo-v2.5-pro	interwoven	interwoven_biography	HEXACO_OP_mean	section_count	0		
profile	mimo_v25_pro	MiMo v2.5 Pro	xiaomi/mimo-v2.5-pro	interwoven	interwoven_biography	HEXACO_OP_mean	section_words_mean	0		
profile	mimo_v25_pro	MiMo v2.5 Pro	xiaomi/mimo-v2.5-pro	interwoven	interwoven_biography	HEXACO_OP_mean	section_words_sd	0		
profile	mimo_v25_pro	MiMo v2.5 Pro	xiaomi/mimo-v2.5-pro	interwoven	interwoven_biography	HEXACO_OP_mean	section_words_cv	0		
profile	mimo_v25_pro	MiMo v2.5 Pro	xiaomi/mimo-v2.5-pro	psych	psychometric_only	HEXACO_HH_mean	total_words	50	0.01142974601503286	0.01142974601503286
profile	mimo_v25_pro	MiMo v2.5 Pro	xiaomi/mimo-v2.5-pro	psych	psychometric_only	HEXACO_HH_mean	unique_word_rate	50	-0.17775272804421785	0.17775272804421785
profile	mimo_v25_pro	MiMo v2.5 Pro	xiaomi/mimo-v2.5-pro	psych	psychometric_only	HEXACO_HH_mean	first_person_rate_per_1k	50		
profile	mimo_v25_pro	MiMo v2.5 Pro	xiaomi/mimo-v2.5-pro	psych	psychometric_only	HEXACO_HH_mean	we_rate_per_1k	50	0.1497984265928398	0.1497984265928398
profile	mimo_v25_pro	MiMo v2.5 Pro	xiaomi/mimo-v2.5-pro	psych	psychometric_only	HEXACO_HH_mean	social_word_rate_per_1k	50	0.046123535431774505	0.046123535431774505
profile	mimo_v25_pro	MiMo v2.5 Pro	xiaomi/mimo-v2.5-pro	psych	psychometric_only	HEXACO_HH_mean	exclamation_rate_per_1k	50		
profile	mimo_v25_pro	MiMo v2.5 Pro	xiaomi/mimo-v2.5-pro	psych	psychometric_only	HEXACO_HH_mean	question_rate_per_1k	50		
profile	mimo_v25_pro	MiMo v2.5 Pro	xiaomi/mimo-v2.5-pro	psych	psychometric_only	HEXACO_HH_mean	section_count	0		
profile	mimo_v25_pro	MiMo v2.5 Pro	xiaomi/mimo-v2.5-pro	psych	psychometric_only	HEXACO_HH_mean	section_words_mean	0		
profile	mimo_v25_pro	MiMo v2.5 Pro	xiaomi/mimo-v2.5-pro	psych	psychometric_only	HEXACO_HH_mean	section_words_sd	0		
profile	mimo_v25_pro	MiMo v2.5 Pro	xiaomi/mimo-v2.5-pro	psych	psychometric_only	HEXACO_HH_mean	section_words_cv	0		
profile	mimo_v25_pro	MiMo v2.5 Pro	xiaomi/mimo-v2.5-pro	psych	psychometric_only	HEXACO_E_mean	total_words	50	-0.19415396683004096	0.19415396683004096
profile	mimo_v25_pro	MiMo v2.5 Pro	xiaomi/mimo-v2.5-pro	psych	psychometric_only	HEXACO_E_mean	unique_word_rate	50	0.1842818273544537	0.1842818273544537
profile	mimo_v25_pro	MiMo v2.5 Pro	xiaomi/mimo-v2.5-pro	psych	psychometric_only	HEXACO_E_mean	first_person_rate_per_1k	50		
profile	mimo_v25_pro	MiMo v2.5 Pro	xiaomi/mimo-v2.5-pro	psych	psychometric_only	HEXACO_E_mean	we_rate_per_1k	50	0.11022525538406272	0.11022525538406272
profile	mimo_v25_pro	MiMo v2.5 Pro	xiaomi/mimo-v2.5-pro	psych	psychometric_only	HEXACO_E_mean	social_word_rate_per_1k	50	-0.04834933152026997	0.04834933152026997
profile	mimo_v25_pro	MiMo v2.5 Pro	xiaomi/mimo-v2.5-pro	psych	psychometric_only	HEXACO_E_mean	exclamation_rate_per_1k	50		
profile	mimo_v25_pro	MiMo v2.5 Pro	xiaomi/mimo-v2.5-pro	psych	psychometric_only	HEXACO_E_mean	question_rate_per_1k	50		
profile	mimo_v25_pro	MiMo v2.5 Pro	xiaomi/mimo-v2.5-pro	psych	psychometric_only	HEXACO_E_mean	section_count	0		
profile	mimo_v25_pro	MiMo v2.5 Pro	xiaomi/mimo-v2.5-pro	psych	psychometric_only	HEXACO_E_mean	section_words_mean	0		
profile	mimo_v25_pro	MiMo v2.5 Pro	xiaomi/mimo-v2.5-pro	psych	psychometric_only	HEXACO_E_mean	section_words_sd	0		
profile	mimo_v25_pro	MiMo v2.5 Pro	xiaomi/mimo-v2.5-pro	psych	psychometric_only	HEXACO_E_mean	section_words_cv	0		
profile	mimo_v25_pro	MiMo v2.5 Pro	xiaomi/mimo-v2.5-pro	psych	psychometric_only	HEXACO_EX_mean	total_words	50	0.1685682840299949	0.1685682840299949
profile	mimo_v25_pro	MiMo v2.5 Pro	xiaomi/mimo-v2.5-pro	psych	psychometric_only	HEXACO_EX_mean	unique_word_rate	50	-0.19321826397036018	0.19321826397036018
profile	mimo_v25_pro	MiMo v2.5 Pro	xiaomi/mimo-v2.5-pro	psych	psychometric_only	HEXACO_EX_mean	first_person_rate_per_1k	50		
profile	mimo_v25_pro	MiMo v2.5 Pro	xiaomi/mimo-v2.5-pro	psych	psychometric_only	HEXACO_EX_mean	we_rate_per_1k	50	-0.0880308328596761	0.0880308328596761
profile	mimo_v25_pro	MiMo v2.5 Pro	xiaomi/mimo-v2.5-pro	psych	psychometric_only	HEXACO_EX_mean	social_word_rate_per_1k	50	0.2847931519315587	0.2847931519315587
profile	mimo_v25_pro	MiMo v2.5 Pro	xiaomi/mimo-v2.5-pro	psych	psychometric_only	HEXACO_EX_mean	exclamation_rate_per_1k	50		
profile	mimo_v25_pro	MiMo v2.5 Pro	xiaomi/mimo-v2.5-pro	psych	psychometric_only	HEXACO_EX_mean	question_rate_per_1k	50		
profile	mimo_v25_pro	MiMo v2.5 Pro	xiaomi/mimo-v2.5-pro	psych	psychometric_only	HEXACO_EX_mean	section_count	0		
profile	mimo_v25_pro	MiMo v2.5 Pro	xiaomi/mimo-v2.5-pro	psych	psychometric_only	HEXACO_EX_mean	section_words_mean	0		
profile	mimo_v25_pro	MiMo v2.5 Pro	xiaomi/mimo-v2.5-pro	psych	psychometric_only	HEXACO_EX_mean	section_words_sd	0		
profile	mimo_v25_pro	MiMo v2.5 Pro	xiaomi/mimo-v2.5-pro	psych	psychometric_only	HEXACO_EX_mean	section_words_cv	0		
profile	mimo_v25_pro	MiMo v2.5 Pro	xiaomi/mimo-v2.5-pro	psych	psychometric_only	HEXACO_A_mean	total_words	50	0.06355848191627941	0.06355848191627941
profile	mimo_v25_pro	MiMo v2.5 Pro	xiaomi/mimo-v2.5-pro	psych	psychometric_only	HEXACO_A_mean	unique_word_rate	50	-0.13262621163804317	0.13262621163804317
profile	mimo_v25_pro	MiMo v2.5 Pro	xiaomi/mimo-v2.5-pro	psych	psychometric_only	HEXACO_A_mean	first_person_rate_per_1k	50		
profile	mimo_v25_pro	MiMo v2.5 Pro	xiaomi/mimo-v2.5-pro	psych	psychometric_only	HEXACO_A_mean	we_rate_per_1k	50	0.0664424938185255	0.0664424938185255
profile	mimo_v25_pro	MiMo v2.5 Pro	xiaomi/mimo-v2.5-pro	psych	psychometric_only	HEXACO_A_mean	social_word_rate_per_1k	50	0.09152887423648594	0.09152887423648594
profile	mimo_v25_pro	MiMo v2.5 Pro	xiaomi/mimo-v2.5-pro	psych	psychometric_only	HEXACO_A_mean	exclamation_rate_per_1k	50		
profile	mimo_v25_pro	MiMo v2.5 Pro	xiaomi/mimo-v2.5-pro	psych	psychometric_only	HEXACO_A_mean	question_rate_per_1k	50		
profile	mimo_v25_pro	MiMo v2.5 Pro	xiaomi/mimo-v2.5-pro	psych	psychometric_only	HEXACO_A_mean	section_count	0		
profile	mimo_v25_pro	MiMo v2.5 Pro	xiaomi/mimo-v2.5-pro	psych	psychometric_only	HEXACO_A_mean	section_words_mean	0		
profile	mimo_v25_pro	MiMo v2.5 Pro	xiaomi/mimo-v2.5-pro	psych	psychometric_only	HEXACO_A_mean	section_words_sd	0		
profile	mimo_v25_pro	MiMo v2.5 Pro	xiaomi/mimo-v2.5-pro	psych	psychometric_only	HEXACO_A_mean	section_words_cv	0		
profile	mimo_v25_pro	MiMo v2.5 Pro	xiaomi/mimo-v2.5-pro	psych	psychometric_only	HEXACO_C_mean	total_words	50	0.14161977186293986	0.14161977186293986
profile	mimo_v25_pro	MiMo v2.5 Pro	xiaomi/mimo-v2.5-pro	psych	psychometric_only	HEXACO_C_mean	unique_word_rate	50	-0.06720435068821107	0.06720435068821107
profile	mimo_v25_pro	MiMo v2.5 Pro	xiaomi/mimo-v2.5-pro	psych	psychometric_only	HEXACO_C_mean	first_person_rate_per_1k	50		
profile	mimo_v25_pro	MiMo v2.5 Pro	xiaomi/mimo-v2.5-pro	psych	psychometric_only	HEXACO_C_mean	we_rate_per_1k	50	0.05966002400458615	0.05966002400458615
profile	mimo_v25_pro	MiMo v2.5 Pro	xiaomi/mimo-v2.5-pro	psych	psychometric_only	HEXACO_C_mean	social_word_rate_per_1k	50	0.015543140723834318	0.015543140723834318
profile	mimo_v25_pro	MiMo v2.5 Pro	xiaomi/mimo-v2.5-pro	psych	psychometric_only	HEXACO_C_mean	exclamation_rate_per_1k	50		
profile	mimo_v25_pro	MiMo v2.5 Pro	xiaomi/mimo-v2.5-pro	psych	psychometric_only	HEXACO_C_mean	question_rate_per_1k	50		
profile	mimo_v25_pro	MiMo v2.5 Pro	xiaomi/mimo-v2.5-pro	psych	psychometric_only	HEXACO_C_mean	section_count	0		
profile	mimo_v25_pro	MiMo v2.5 Pro	xiaomi/mimo-v2.5-pro	psych	psychometric_only	HEXACO_C_mean	section_words_mean	0		
profile	mimo_v25_pro	MiMo v2.5 Pro	xiaomi/mimo-v2.5-pro	psych	psychometric_only	HEXACO_C_mean	section_words_sd	0		
profile	mimo_v25_pro	MiMo v2.5 Pro	xiaomi/mimo-v2.5-pro	psych	psychometric_only	HEXACO_C_mean	section_words_cv	0		
profile	mimo_v25_pro	MiMo v2.5 Pro	xiaomi/mimo-v2.5-pro	psych	psychometric_only	HEXACO_OP_mean	total_words	50	-0.021517121597201434	0.021517121597201434
profile	mimo_v25_pro	MiMo v2.5 Pro	xiaomi/mimo-v2.5-pro	psych	psychometric_only	HEXACO_OP_mean	unique_word_rate	50	0.12052820595611756	0.12052820595611756
profile	mimo_v25_pro	MiMo v2.5 Pro	xiaomi/mimo-v2.5-pro	psych	psychometric_only	HEXACO_OP_mean	first_person_rate_per_1k	50		
profile	mimo_v25_pro	MiMo v2.5 Pro	xiaomi/mimo-v2.5-pro	psych	psychometric_only	HEXACO_OP_mean	we_rate_per_1k	50	0.08585177063078353	0.08585177063078353
profile	mimo_v25_pro	MiMo v2.5 Pro	xiaomi/mimo-v2.5-pro	psych	psychometric_only	HEXACO_OP_mean	social_word_rate_per_1k	50	-0.03006558046122087	0.03006558046122087
profile	mimo_v25_pro	MiMo v2.5 Pro	xiaomi/mimo-v2.5-pro	psych	psychometric_only	HEXACO_OP_mean	exclamation_rate_per_1k	50		
profile	mimo_v25_pro	MiMo v2.5 Pro	xiaomi/mimo-v2.5-pro	psych	psychometric_only	HEXACO_OP_mean	question_rate_per_1k	50		
profile	mimo_v25_pro	MiMo v2.5 Pro	xiaomi/mimo-v2.5-pro	psych	psychometric_only	HEXACO_OP_mean	section_count	0		
profile	mimo_v25_pro	MiMo v2.5 Pro	xiaomi/mimo-v2.5-pro	psych	psychometric_only	HEXACO_OP_mean	section_words_mean	0		
profile	mimo_v25_pro	MiMo v2.5 Pro	xiaomi/mimo-v2.5-pro	psych	psychometric_only	HEXACO_OP_mean	section_words_sd	0		
profile	mimo_v25_pro	MiMo v2.5 Pro	xiaomi/mimo-v2.5-pro	psych	psychometric_only	HEXACO_OP_mean	section_words_cv	0		
profile	minimax_m27	MiniMax M2.7	minimax/minimax-m2.7	interwoven	interwoven_biography	HEXACO_HH_mean	total_words	50	0.13567145318400553	0.13567145318400553
profile	minimax_m27	MiniMax M2.7	minimax/minimax-m2.7	interwoven	interwoven_biography	HEXACO_HH_mean	unique_word_rate	50	0.16850378711712266	0.16850378711712266
profile	minimax_m27	MiniMax M2.7	minimax/minimax-m2.7	interwoven	interwoven_biography	HEXACO_HH_mean	first_person_rate_per_1k	50		
profile	minimax_m27	MiniMax M2.7	minimax/minimax-m2.7	interwoven	interwoven_biography	HEXACO_HH_mean	we_rate_per_1k	50		
profile	minimax_m27	MiniMax M2.7	minimax/minimax-m2.7	interwoven	interwoven_biography	HEXACO_HH_mean	social_word_rate_per_1k	50	0.010854979362177266	0.010854979362177266
profile	minimax_m27	MiniMax M2.7	minimax/minimax-m2.7	interwoven	interwoven_biography	HEXACO_HH_mean	exclamation_rate_per_1k	50		
profile	minimax_m27	MiniMax M2.7	minimax/minimax-m2.7	interwoven	interwoven_biography	HEXACO_HH_mean	question_rate_per_1k	50		
profile	minimax_m27	MiniMax M2.7	minimax/minimax-m2.7	interwoven	interwoven_biography	HEXACO_HH_mean	section_count	0		
profile	minimax_m27	MiniMax M2.7	minimax/minimax-m2.7	interwoven	interwoven_biography	HEXACO_HH_mean	section_words_mean	0		
profile	minimax_m27	MiniMax M2.7	minimax/minimax-m2.7	interwoven	interwoven_biography	HEXACO_HH_mean	section_words_sd	0		
profile	minimax_m27	MiniMax M2.7	minimax/minimax-m2.7	interwoven	interwoven_biography	HEXACO_HH_mean	section_words_cv	0		
profile	minimax_m27	MiniMax M2.7	minimax/minimax-m2.7	interwoven	interwoven_biography	HEXACO_E_mean	total_words	50	0.05246430407161633	0.05246430407161633
profile	minimax_m27	MiniMax M2.7	minimax/minimax-m2.7	interwoven	interwoven_biography	HEXACO_E_mean	unique_word_rate	50	-0.0018937057225108125	0.0018937057225108125
profile	minimax_m27	MiniMax M2.7	minimax/minimax-m2.7	interwoven	interwoven_biography	HEXACO_E_mean	first_person_rate_per_1k	50		
profile	minimax_m27	MiniMax M2.7	minimax/minimax-m2.7	interwoven	interwoven_biography	HEXACO_E_mean	we_rate_per_1k	50		
profile	minimax_m27	MiniMax M2.7	minimax/minimax-m2.7	interwoven	interwoven_biography	HEXACO_E_mean	social_word_rate_per_1k	50	0.05801842394612737	0.05801842394612737
profile	minimax_m27	MiniMax M2.7	minimax/minimax-m2.7	interwoven	interwoven_biography	HEXACO_E_mean	exclamation_rate_per_1k	50		
profile	minimax_m27	MiniMax M2.7	minimax/minimax-m2.7	interwoven	interwoven_biography	HEXACO_E_mean	question_rate_per_1k	50		
profile	minimax_m27	MiniMax M2.7	minimax/minimax-m2.7	interwoven	interwoven_biography	HEXACO_E_mean	section_count	0		
profile	minimax_m27	MiniMax M2.7	minimax/minimax-m2.7	interwoven	interwoven_biography	HEXACO_E_mean	section_words_mean	0		
profile	minimax_m27	MiniMax M2.7	minimax/minimax-m2.7	interwoven	interwoven_biography	HEXACO_E_mean	section_words_sd	0		
profile	minimax_m27	MiniMax M2.7	minimax/minimax-m2.7	interwoven	interwoven_biography	HEXACO_E_mean	section_words_cv	0		
profile	minimax_m27	MiniMax M2.7	minimax/minimax-m2.7	interwoven	interwoven_biography	HEXACO_EX_mean	total_words	50	0.26931824945623145	0.26931824945623145
profile	minimax_m27	MiniMax M2.7	minimax/minimax-m2.7	interwoven	interwoven_biography	HEXACO_EX_mean	unique_word_rate	50	-0.13016089976974143	0.13016089976974143
profile	minimax_m27	MiniMax M2.7	minimax/minimax-m2.7	interwoven	interwoven_biography	HEXACO_EX_mean	first_person_rate_per_1k	50		
profile	minimax_m27	MiniMax M2.7	minimax/minimax-m2.7	interwoven	interwoven_biography	HEXACO_EX_mean	we_rate_per_1k	50		
profile	minimax_m27	MiniMax M2.7	minimax/minimax-m2.7	interwoven	interwoven_biography	HEXACO_EX_mean	social_word_rate_per_1k	50	0.10314823456790731	0.10314823456790731
profile	minimax_m27	MiniMax M2.7	minimax/minimax-m2.7	interwoven	interwoven_biography	HEXACO_EX_mean	exclamation_rate_per_1k	50		
profile	minimax_m27	MiniMax M2.7	minimax/minimax-m2.7	interwoven	interwoven_biography	HEXACO_EX_mean	question_rate_per_1k	50		
profile	minimax_m27	MiniMax M2.7	minimax/minimax-m2.7	interwoven	interwoven_biography	HEXACO_EX_mean	section_count	0		
profile	minimax_m27	MiniMax M2.7	minimax/minimax-m2.7	interwoven	interwoven_biography	HEXACO_EX_mean	section_words_mean	0		
profile	minimax_m27	MiniMax M2.7	minimax/minimax-m2.7	interwoven	interwoven_biography	HEXACO_EX_mean	section_words_sd	0		
profile	minimax_m27	MiniMax M2.7	minimax/minimax-m2.7	interwoven	interwoven_biography	HEXACO_EX_mean	section_words_cv	0		
profile	minimax_m27	MiniMax M2.7	minimax/minimax-m2.7	interwoven	interwoven_biography	HEXACO_A_mean	total_words	50	0.23543382678696564	0.23543382678696564
profile	minimax_m27	MiniMax M2.7	minimax/minimax-m2.7	interwoven	interwoven_biography	HEXACO_A_mean	unique_word_rate	50	0.060229484904530436	0.060229484904530436
profile	minimax_m27	MiniMax M2.7	minimax/minimax-m2.7	interwoven	interwoven_biography	HEXACO_A_mean	first_person_rate_per_1k	50		
profile	minimax_m27	MiniMax M2.7	minimax/minimax-m2.7	interwoven	interwoven_biography	HEXACO_A_mean	we_rate_per_1k	50		
profile	minimax_m27	MiniMax M2.7	minimax/minimax-m2.7	interwoven	interwoven_biography	HEXACO_A_mean	social_word_rate_per_1k	50	0.2009193812518154	0.2009193812518154
profile	minimax_m27	MiniMax M2.7	minimax/minimax-m2.7	interwoven	interwoven_biography	HEXACO_A_mean	exclamation_rate_per_1k	50		
profile	minimax_m27	MiniMax M2.7	minimax/minimax-m2.7	interwoven	interwoven_biography	HEXACO_A_mean	question_rate_per_1k	50		
profile	minimax_m27	MiniMax M2.7	minimax/minimax-m2.7	interwoven	interwoven_biography	HEXACO_A_mean	section_count	0		
profile	minimax_m27	MiniMax M2.7	minimax/minimax-m2.7	interwoven	interwoven_biography	HEXACO_A_mean	section_words_mean	0		
profile	minimax_m27	MiniMax M2.7	minimax/minimax-m2.7	interwoven	interwoven_biography	HEXACO_A_mean	section_words_sd	0		
profile	minimax_m27	MiniMax M2.7	minimax/minimax-m2.7	interwoven	interwoven_biography	HEXACO_A_mean	section_words_cv	0		
profile	minimax_m27	MiniMax M2.7	minimax/minimax-m2.7	interwoven	interwoven_biography	HEXACO_C_mean	total_words	50	0.09257234220025591	0.09257234220025591
profile	minimax_m27	MiniMax M2.7	minimax/minimax-m2.7	interwoven	interwoven_biography	HEXACO_C_mean	unique_word_rate	50	0.020682198871632022	0.020682198871632022
profile	minimax_m27	MiniMax M2.7	minimax/minimax-m2.7	interwoven	interwoven_biography	HEXACO_C_mean	first_person_rate_per_1k	50		
profile	minimax_m27	MiniMax M2.7	minimax/minimax-m2.7	interwoven	interwoven_biography	HEXACO_C_mean	we_rate_per_1k	50		
profile	minimax_m27	MiniMax M2.7	minimax/minimax-m2.7	interwoven	interwoven_biography	HEXACO_C_mean	social_word_rate_per_1k	50	0.10495596154891854	0.10495596154891854
profile	minimax_m27	MiniMax M2.7	minimax/minimax-m2.7	interwoven	interwoven_biography	HEXACO_C_mean	exclamation_rate_per_1k	50		
profile	minimax_m27	MiniMax M2.7	minimax/minimax-m2.7	interwoven	interwoven_biography	HEXACO_C_mean	question_rate_per_1k	50		
profile	minimax_m27	MiniMax M2.7	minimax/minimax-m2.7	interwoven	interwoven_biography	HEXACO_C_mean	section_count	0		
profile	minimax_m27	MiniMax M2.7	minimax/minimax-m2.7	interwoven	interwoven_biography	HEXACO_C_mean	section_words_mean	0		
profile	minimax_m27	MiniMax M2.7	minimax/minimax-m2.7	interwoven	interwoven_biography	HEXACO_C_mean	section_words_sd	0		
profile	minimax_m27	MiniMax M2.7	minimax/minimax-m2.7	interwoven	interwoven_biography	HEXACO_C_mean	section_words_cv	0		
profile	minimax_m27	MiniMax M2.7	minimax/minimax-m2.7	interwoven	interwoven_biography	HEXACO_OP_mean	total_words	50	0.15695873174405017	0.15695873174405017
profile	minimax_m27	MiniMax M2.7	minimax/minimax-m2.7	interwoven	interwoven_biography	HEXACO_OP_mean	unique_word_rate	50	-0.10254035846991358	0.10254035846991358
profile	minimax_m27	MiniMax M2.7	minimax/minimax-m2.7	interwoven	interwoven_biography	HEXACO_OP_mean	first_person_rate_per_1k	50		
profile	minimax_m27	MiniMax M2.7	minimax/minimax-m2.7	interwoven	interwoven_biography	HEXACO_OP_mean	we_rate_per_1k	50		
profile	minimax_m27	MiniMax M2.7	minimax/minimax-m2.7	interwoven	interwoven_biography	HEXACO_OP_mean	social_word_rate_per_1k	50	0.022430013184574472	0.022430013184574472
profile	minimax_m27	MiniMax M2.7	minimax/minimax-m2.7	interwoven	interwoven_biography	HEXACO_OP_mean	exclamation_rate_per_1k	50		
profile	minimax_m27	MiniMax M2.7	minimax/minimax-m2.7	interwoven	interwoven_biography	HEXACO_OP_mean	question_rate_per_1k	50		
profile	minimax_m27	MiniMax M2.7	minimax/minimax-m2.7	interwoven	interwoven_biography	HEXACO_OP_mean	section_count	0		
profile	minimax_m27	MiniMax M2.7	minimax/minimax-m2.7	interwoven	interwoven_biography	HEXACO_OP_mean	section_words_mean	0		
profile	minimax_m27	MiniMax M2.7	minimax/minimax-m2.7	interwoven	interwoven_biography	HEXACO_OP_mean	section_words_sd	0		
profile	minimax_m27	MiniMax M2.7	minimax/minimax-m2.7	interwoven	interwoven_biography	HEXACO_OP_mean	section_words_cv	0		
profile	minimax_m27	MiniMax M2.7	minimax/minimax-m2.7	psych	psychometric_only	HEXACO_HH_mean	total_words	50	0.19490103953893412	0.19490103953893412
profile	minimax_m27	MiniMax M2.7	minimax/minimax-m2.7	psych	psychometric_only	HEXACO_HH_mean	unique_word_rate	50	0.00044301295618731445	0.00044301295618731445
profile	minimax_m27	MiniMax M2.7	minimax/minimax-m2.7	psych	psychometric_only	HEXACO_HH_mean	first_person_rate_per_1k	50		
profile	minimax_m27	MiniMax M2.7	minimax/minimax-m2.7	psych	psychometric_only	HEXACO_HH_mean	we_rate_per_1k	50		
profile	minimax_m27	MiniMax M2.7	minimax/minimax-m2.7	psych	psychometric_only	HEXACO_HH_mean	social_word_rate_per_1k	50	0.13354274525268506	0.13354274525268506
profile	minimax_m27	MiniMax M2.7	minimax/minimax-m2.7	psych	psychometric_only	HEXACO_HH_mean	exclamation_rate_per_1k	50		
profile	minimax_m27	MiniMax M2.7	minimax/minimax-m2.7	psych	psychometric_only	HEXACO_HH_mean	question_rate_per_1k	50		
profile	minimax_m27	MiniMax M2.7	minimax/minimax-m2.7	psych	psychometric_only	HEXACO_HH_mean	section_count	0		
profile	minimax_m27	MiniMax M2.7	minimax/minimax-m2.7	psych	psychometric_only	HEXACO_HH_mean	section_words_mean	0		
profile	minimax_m27	MiniMax M2.7	minimax/minimax-m2.7	psych	psychometric_only	HEXACO_HH_mean	section_words_sd	0		
profile	minimax_m27	MiniMax M2.7	minimax/minimax-m2.7	psych	psychometric_only	HEXACO_HH_mean	section_words_cv	0		
profile	minimax_m27	MiniMax M2.7	minimax/minimax-m2.7	psych	psychometric_only	HEXACO_E_mean	total_words	50	0.0502829771845766	0.0502829771845766
profile	minimax_m27	MiniMax M2.7	minimax/minimax-m2.7	psych	psychometric_only	HEXACO_E_mean	unique_word_rate	50	0.03659229904476918	0.03659229904476918
profile	minimax_m27	MiniMax M2.7	minimax/minimax-m2.7	psych	psychometric_only	HEXACO_E_mean	first_person_rate_per_1k	50		
profile	minimax_m27	MiniMax M2.7	minimax/minimax-m2.7	psych	psychometric_only	HEXACO_E_mean	we_rate_per_1k	50		
profile	minimax_m27	MiniMax M2.7	minimax/minimax-m2.7	psych	psychometric_only	HEXACO_E_mean	social_word_rate_per_1k	50	-0.07938513086239843	0.07938513086239843
profile	minimax_m27	MiniMax M2.7	minimax/minimax-m2.7	psych	psychometric_only	HEXACO_E_mean	exclamation_rate_per_1k	50		
profile	minimax_m27	MiniMax M2.7	minimax/minimax-m2.7	psych	psychometric_only	HEXACO_E_mean	question_rate_per_1k	50		
profile	minimax_m27	MiniMax M2.7	minimax/minimax-m2.7	psych	psychometric_only	HEXACO_E_mean	section_count	0		
profile	minimax_m27	MiniMax M2.7	minimax/minimax-m2.7	psych	psychometric_only	HEXACO_E_mean	section_words_mean	0		
profile	minimax_m27	MiniMax M2.7	minimax/minimax-m2.7	psych	psychometric_only	HEXACO_E_mean	section_words_sd	0		
profile	minimax_m27	MiniMax M2.7	minimax/minimax-m2.7	psych	psychometric_only	HEXACO_E_mean	section_words_cv	0		
profile	minimax_m27	MiniMax M2.7	minimax/minimax-m2.7	psych	psychometric_only	HEXACO_EX_mean	total_words	50	0.18690214454276347	0.18690214454276347
profile	minimax_m27	MiniMax M2.7	minimax/minimax-m2.7	psych	psychometric_only	HEXACO_EX_mean	unique_word_rate	50	-0.09539305659962531	0.09539305659962531
profile	minimax_m27	MiniMax M2.7	minimax/minimax-m2.7	psych	psychometric_only	HEXACO_EX_mean	first_person_rate_per_1k	50		
profile	minimax_m27	MiniMax M2.7	minimax/minimax-m2.7	psych	psychometric_only	HEXACO_EX_mean	we_rate_per_1k	50		
profile	minimax_m27	MiniMax M2.7	minimax/minimax-m2.7	psych	psychometric_only	HEXACO_EX_mean	social_word_rate_per_1k	50	0.09661749530324457	0.09661749530324457
profile	minimax_m27	MiniMax M2.7	minimax/minimax-m2.7	psych	psychometric_only	HEXACO_EX_mean	exclamation_rate_per_1k	50		
profile	minimax_m27	MiniMax M2.7	minimax/minimax-m2.7	psych	psychometric_only	HEXACO_EX_mean	question_rate_per_1k	50		
profile	minimax_m27	MiniMax M2.7	minimax/minimax-m2.7	psych	psychometric_only	HEXACO_EX_mean	section_count	0		
profile	minimax_m27	MiniMax M2.7	minimax/minimax-m2.7	psych	psychometric_only	HEXACO_EX_mean	section_words_mean	0		
profile	minimax_m27	MiniMax M2.7	minimax/minimax-m2.7	psych	psychometric_only	HEXACO_EX_mean	section_words_sd	0		
profile	minimax_m27	MiniMax M2.7	minimax/minimax-m2.7	psych	psychometric_only	HEXACO_EX_mean	section_words_cv	0		
profile	minimax_m27	MiniMax M2.7	minimax/minimax-m2.7	psych	psychometric_only	HEXACO_A_mean	total_words	50	0.07202078148012936	0.07202078148012936
profile	minimax_m27	MiniMax M2.7	minimax/minimax-m2.7	psych	psychometric_only	HEXACO_A_mean	unique_word_rate	50	0.11143256393960481	0.11143256393960481
profile	minimax_m27	MiniMax M2.7	minimax/minimax-m2.7	psych	psychometric_only	HEXACO_A_mean	first_person_rate_per_1k	50		
profile	minimax_m27	MiniMax M2.7	minimax/minimax-m2.7	psych	psychometric_only	HEXACO_A_mean	we_rate_per_1k	50		
profile	minimax_m27	MiniMax M2.7	minimax/minimax-m2.7	psych	psychometric_only	HEXACO_A_mean	social_word_rate_per_1k	50	0.10394428937512673	0.10394428937512673
profile	minimax_m27	MiniMax M2.7	minimax/minimax-m2.7	psych	psychometric_only	HEXACO_A_mean	exclamation_rate_per_1k	50		
profile	minimax_m27	MiniMax M2.7	minimax/minimax-m2.7	psych	psychometric_only	HEXACO_A_mean	question_rate_per_1k	50		
profile	minimax_m27	MiniMax M2.7	minimax/minimax-m2.7	psych	psychometric_only	HEXACO_A_mean	section_count	0		
profile	minimax_m27	MiniMax M2.7	minimax/minimax-m2.7	psych	psychometric_only	HEXACO_A_mean	section_words_mean	0		
profile	minimax_m27	MiniMax M2.7	minimax/minimax-m2.7	psych	psychometric_only	HEXACO_A_mean	section_words_sd	0		
profile	minimax_m27	MiniMax M2.7	minimax/minimax-m2.7	psych	psychometric_only	HEXACO_A_mean	section_words_cv	0		
profile	minimax_m27	MiniMax M2.7	minimax/minimax-m2.7	psych	psychometric_only	HEXACO_C_mean	total_words	50	0.028618961988789153	0.028618961988789153
profile	minimax_m27	MiniMax M2.7	minimax/minimax-m2.7	psych	psychometric_only	HEXACO_C_mean	unique_word_rate	50	0.10307096194042074	0.10307096194042074
profile	minimax_m27	MiniMax M2.7	minimax/minimax-m2.7	psych	psychometric_only	HEXACO_C_mean	first_person_rate_per_1k	50		
profile	minimax_m27	MiniMax M2.7	minimax/minimax-m2.7	psych	psychometric_only	HEXACO_C_mean	we_rate_per_1k	50		
profile	minimax_m27	MiniMax M2.7	minimax/minimax-m2.7	psych	psychometric_only	HEXACO_C_mean	social_word_rate_per_1k	50	0.029291113594735203	0.029291113594735203
profile	minimax_m27	MiniMax M2.7	minimax/minimax-m2.7	psych	psychometric_only	HEXACO_C_mean	exclamation_rate_per_1k	50		
profile	minimax_m27	MiniMax M2.7	minimax/minimax-m2.7	psych	psychometric_only	HEXACO_C_mean	question_rate_per_1k	50		
profile	minimax_m27	MiniMax M2.7	minimax/minimax-m2.7	psych	psychometric_only	HEXACO_C_mean	section_count	0		
profile	minimax_m27	MiniMax M2.7	minimax/minimax-m2.7	psych	psychometric_only	HEXACO_C_mean	section_words_mean	0		
profile	minimax_m27	MiniMax M2.7	minimax/minimax-m2.7	psych	psychometric_only	HEXACO_C_mean	section_words_sd	0		
profile	minimax_m27	MiniMax M2.7	minimax/minimax-m2.7	psych	psychometric_only	HEXACO_C_mean	section_words_cv	0		
profile	minimax_m27	MiniMax M2.7	minimax/minimax-m2.7	psych	psychometric_only	HEXACO_OP_mean	total_words	50	0.17569608059651087	0.17569608059651087
profile	minimax_m27	MiniMax M2.7	minimax/minimax-m2.7	psych	psychometric_only	HEXACO_OP_mean	unique_word_rate	50	-0.12455432939862589	0.12455432939862589
profile	minimax_m27	MiniMax M2.7	minimax/minimax-m2.7	psych	psychometric_only	HEXACO_OP_mean	first_person_rate_per_1k	50		
profile	minimax_m27	MiniMax M2.7	minimax/minimax-m2.7	psych	psychometric_only	HEXACO_OP_mean	we_rate_per_1k	50		
profile	minimax_m27	MiniMax M2.7	minimax/minimax-m2.7	psych	psychometric_only	HEXACO_OP_mean	social_word_rate_per_1k	50	0.05822996659766399	0.05822996659766399
profile	minimax_m27	MiniMax M2.7	minimax/minimax-m2.7	psych	psychometric_only	HEXACO_OP_mean	exclamation_rate_per_1k	50		
profile	minimax_m27	MiniMax M2.7	minimax/minimax-m2.7	psych	psychometric_only	HEXACO_OP_mean	question_rate_per_1k	50		
profile	minimax_m27	MiniMax M2.7	minimax/minimax-m2.7	psych	psychometric_only	HEXACO_OP_mean	section_count	0		
profile	minimax_m27	MiniMax M2.7	minimax/minimax-m2.7	psych	psychometric_only	HEXACO_OP_mean	section_words_mean	0		
profile	minimax_m27	MiniMax M2.7	minimax/minimax-m2.7	psych	psychometric_only	HEXACO_OP_mean	section_words_sd	0		
profile	minimax_m27	MiniMax M2.7	minimax/minimax-m2.7	psych	psychometric_only	HEXACO_OP_mean	section_words_cv	0		
profile	minimax_m3	MiniMax M3	minimax/minimax-m3	interwoven	interwoven_biography	HEXACO_HH_mean	total_words	50	0.25354443196651294	0.25354443196651294
profile	minimax_m3	MiniMax M3	minimax/minimax-m3	interwoven	interwoven_biography	HEXACO_HH_mean	unique_word_rate	50	-0.12137018654509658	0.12137018654509658
profile	minimax_m3	MiniMax M3	minimax/minimax-m3	interwoven	interwoven_biography	HEXACO_HH_mean	first_person_rate_per_1k	50	-0.09122093597379802	0.09122093597379802
profile	minimax_m3	MiniMax M3	minimax/minimax-m3	interwoven	interwoven_biography	HEXACO_HH_mean	we_rate_per_1k	50		
profile	minimax_m3	MiniMax M3	minimax/minimax-m3	interwoven	interwoven_biography	HEXACO_HH_mean	social_word_rate_per_1k	50	0.3264166555689414	0.3264166555689414
profile	minimax_m3	MiniMax M3	minimax/minimax-m3	interwoven	interwoven_biography	HEXACO_HH_mean	exclamation_rate_per_1k	50		
profile	minimax_m3	MiniMax M3	minimax/minimax-m3	interwoven	interwoven_biography	HEXACO_HH_mean	question_rate_per_1k	50		
profile	minimax_m3	MiniMax M3	minimax/minimax-m3	interwoven	interwoven_biography	HEXACO_HH_mean	section_count	0		
profile	minimax_m3	MiniMax M3	minimax/minimax-m3	interwoven	interwoven_biography	HEXACO_HH_mean	section_words_mean	0		
profile	minimax_m3	MiniMax M3	minimax/minimax-m3	interwoven	interwoven_biography	HEXACO_HH_mean	section_words_sd	0		
profile	minimax_m3	MiniMax M3	minimax/minimax-m3	interwoven	interwoven_biography	HEXACO_HH_mean	section_words_cv	0		
profile	minimax_m3	MiniMax M3	minimax/minimax-m3	interwoven	interwoven_biography	HEXACO_E_mean	total_words	50	0.020117164786961413	0.020117164786961413
profile	minimax_m3	MiniMax M3	minimax/minimax-m3	interwoven	interwoven_biography	HEXACO_E_mean	unique_word_rate	50	-0.0304862048636505	0.0304862048636505
profile	minimax_m3	MiniMax M3	minimax/minimax-m3	interwoven	interwoven_biography	HEXACO_E_mean	first_person_rate_per_1k	50	0.1325726548822942	0.1325726548822942
profile	minimax_m3	MiniMax M3	minimax/minimax-m3	interwoven	interwoven_biography	HEXACO_E_mean	we_rate_per_1k	50		
profile	minimax_m3	MiniMax M3	minimax/minimax-m3	interwoven	interwoven_biography	HEXACO_E_mean	social_word_rate_per_1k	50	-0.03313645743901461	0.03313645743901461
profile	minimax_m3	MiniMax M3	minimax/minimax-m3	interwoven	interwoven_biography	HEXACO_E_mean	exclamation_rate_per_1k	50		
profile	minimax_m3	MiniMax M3	minimax/minimax-m3	interwoven	interwoven_biography	HEXACO_E_mean	question_rate_per_1k	50		
profile	minimax_m3	MiniMax M3	minimax/minimax-m3	interwoven	interwoven_biography	HEXACO_E_mean	section_count	0		
profile	minimax_m3	MiniMax M3	minimax/minimax-m3	interwoven	interwoven_biography	HEXACO_E_mean	section_words_mean	0		
profile	minimax_m3	MiniMax M3	minimax/minimax-m3	interwoven	interwoven_biography	HEXACO_E_mean	section_words_sd	0		
profile	minimax_m3	MiniMax M3	minimax/minimax-m3	interwoven	interwoven_biography	HEXACO_E_mean	section_words_cv	0		
profile	minimax_m3	MiniMax M3	minimax/minimax-m3	interwoven	interwoven_biography	HEXACO_EX_mean	total_words	50	0.11594519644093018	0.11594519644093018
profile	minimax_m3	MiniMax M3	minimax/minimax-m3	interwoven	interwoven_biography	HEXACO_EX_mean	unique_word_rate	50	-0.07587595759943007	0.07587595759943007
profile	minimax_m3	MiniMax M3	minimax/minimax-m3	interwoven	interwoven_biography	HEXACO_EX_mean	first_person_rate_per_1k	50	0.22934655752669894	0.22934655752669894
profile	minimax_m3	MiniMax M3	minimax/minimax-m3	interwoven	interwoven_biography	HEXACO_EX_mean	we_rate_per_1k	50		
profile	minimax_m3	MiniMax M3	minimax/minimax-m3	interwoven	interwoven_biography	HEXACO_EX_mean	social_word_rate_per_1k	50	0.1259278891938061	0.1259278891938061
profile	minimax_m3	MiniMax M3	minimax/minimax-m3	interwoven	interwoven_biography	HEXACO_EX_mean	exclamation_rate_per_1k	50		
profile	minimax_m3	MiniMax M3	minimax/minimax-m3	interwoven	interwoven_biography	HEXACO_EX_mean	question_rate_per_1k	50		
profile	minimax_m3	MiniMax M3	minimax/minimax-m3	interwoven	interwoven_biography	HEXACO_EX_mean	section_count	0		
profile	minimax_m3	MiniMax M3	minimax/minimax-m3	interwoven	interwoven_biography	HEXACO_EX_mean	section_words_mean	0		
profile	minimax_m3	MiniMax M3	minimax/minimax-m3	interwoven	interwoven_biography	HEXACO_EX_mean	section_words_sd	0		
profile	minimax_m3	MiniMax M3	minimax/minimax-m3	interwoven	interwoven_biography	HEXACO_EX_mean	section_words_cv	0		
profile	minimax_m3	MiniMax M3	minimax/minimax-m3	interwoven	interwoven_biography	HEXACO_A_mean	total_words	50	0.12206957532916711	0.12206957532916711
profile	minimax_m3	MiniMax M3	minimax/minimax-m3	interwoven	interwoven_biography	HEXACO_A_mean	unique_word_rate	50	-0.12793768383283544	0.12793768383283544
profile	minimax_m3	MiniMax M3	minimax/minimax-m3	interwoven	interwoven_biography	HEXACO_A_mean	first_person_rate_per_1k	50	0.06381278702180877	0.06381278702180877
profile	minimax_m3	MiniMax M3	minimax/minimax-m3	interwoven	interwoven_biography	HEXACO_A_mean	we_rate_per_1k	50		
profile	minimax_m3	MiniMax M3	minimax/minimax-m3	interwoven	interwoven_biography	HEXACO_A_mean	social_word_rate_per_1k	50	0.09268554560755966	0.09268554560755966
profile	minimax_m3	MiniMax M3	minimax/minimax-m3	interwoven	interwoven_biography	HEXACO_A_mean	exclamation_rate_per_1k	50		
profile	minimax_m3	MiniMax M3	minimax/minimax-m3	interwoven	interwoven_biography	HEXACO_A_mean	question_rate_per_1k	50		
profile	minimax_m3	MiniMax M3	minimax/minimax-m3	interwoven	interwoven_biography	HEXACO_A_mean	section_count	0		
profile	minimax_m3	MiniMax M3	minimax/minimax-m3	interwoven	interwoven_biography	HEXACO_A_mean	section_words_mean	0		
profile	minimax_m3	MiniMax M3	minimax/minimax-m3	interwoven	interwoven_biography	HEXACO_A_mean	section_words_sd	0		
profile	minimax_m3	MiniMax M3	minimax/minimax-m3	interwoven	interwoven_biography	HEXACO_A_mean	section_words_cv	0		
profile	minimax_m3	MiniMax M3	minimax/minimax-m3	interwoven	interwoven_biography	HEXACO_C_mean	total_words	50	0.037010561170873806	0.037010561170873806
profile	minimax_m3	MiniMax M3	minimax/minimax-m3	interwoven	interwoven_biography	HEXACO_C_mean	unique_word_rate	50	0.0022649111968774662	0.0022649111968774662
profile	minimax_m3	MiniMax M3	minimax/minimax-m3	interwoven	interwoven_biography	HEXACO_C_mean	first_person_rate_per_1k	50	-0.021970489303824347	0.021970489303824347
profile	minimax_m3	MiniMax M3	minimax/minimax-m3	interwoven	interwoven_biography	HEXACO_C_mean	we_rate_per_1k	50		
profile	minimax_m3	MiniMax M3	minimax/minimax-m3	interwoven	interwoven_biography	HEXACO_C_mean	social_word_rate_per_1k	50	0.04994363861570391	0.04994363861570391
profile	minimax_m3	MiniMax M3	minimax/minimax-m3	interwoven	interwoven_biography	HEXACO_C_mean	exclamation_rate_per_1k	50		
profile	minimax_m3	MiniMax M3	minimax/minimax-m3	interwoven	interwoven_biography	HEXACO_C_mean	question_rate_per_1k	50		
profile	minimax_m3	MiniMax M3	minimax/minimax-m3	interwoven	interwoven_biography	HEXACO_C_mean	section_count	0		
profile	minimax_m3	MiniMax M3	minimax/minimax-m3	interwoven	interwoven_biography	HEXACO_C_mean	section_words_mean	0		
profile	minimax_m3	MiniMax M3	minimax/minimax-m3	interwoven	interwoven_biography	HEXACO_C_mean	section_words_sd	0		
profile	minimax_m3	MiniMax M3	minimax/minimax-m3	interwoven	interwoven_biography	HEXACO_C_mean	section_words_cv	0		
profile	minimax_m3	MiniMax M3	minimax/minimax-m3	interwoven	interwoven_biography	HEXACO_OP_mean	total_words	50	0.18464243848102183	0.18464243848102183
profile	minimax_m3	MiniMax M3	minimax/minimax-m3	interwoven	interwoven_biography	HEXACO_OP_mean	unique_word_rate	50	-0.02676067215963716	0.02676067215963716
profile	minimax_m3	MiniMax M3	minimax/minimax-m3	interwoven	interwoven_biography	HEXACO_OP_mean	first_person_rate_per_1k	50	0.08691215621807918	0.08691215621807918
profile	minimax_m3	MiniMax M3	minimax/minimax-m3	interwoven	interwoven_biography	HEXACO_OP_mean	we_rate_per_1k	50		
profile	minimax_m3	MiniMax M3	minimax/minimax-m3	interwoven	interwoven_biography	HEXACO_OP_mean	social_word_rate_per_1k	50	0.1504846636106929	0.1504846636106929
profile	minimax_m3	MiniMax M3	minimax/minimax-m3	interwoven	interwoven_biography	HEXACO_OP_mean	exclamation_rate_per_1k	50		
profile	minimax_m3	MiniMax M3	minimax/minimax-m3	interwoven	interwoven_biography	HEXACO_OP_mean	question_rate_per_1k	50		
profile	minimax_m3	MiniMax M3	minimax/minimax-m3	interwoven	interwoven_biography	HEXACO_OP_mean	section_count	0		
profile	minimax_m3	MiniMax M3	minimax/minimax-m3	interwoven	interwoven_biography	HEXACO_OP_mean	section_words_mean	0		
profile	minimax_m3	MiniMax M3	minimax/minimax-m3	interwoven	interwoven_biography	HEXACO_OP_mean	section_words_sd	0		
profile	minimax_m3	MiniMax M3	minimax/minimax-m3	interwoven	interwoven_biography	HEXACO_OP_mean	section_words_cv	0		
profile	minimax_m3	MiniMax M3	minimax/minimax-m3	psych	psychometric_only	HEXACO_HH_mean	total_words	50	0.11871657285102896	0.11871657285102896
profile	minimax_m3	MiniMax M3	minimax/minimax-m3	psych	psychometric_only	HEXACO_HH_mean	unique_word_rate	50	-0.11562334076487137	0.11562334076487137
profile	minimax_m3	MiniMax M3	minimax/minimax-m3	psych	psychometric_only	HEXACO_HH_mean	first_person_rate_per_1k	50	-0.12600083015283442	0.12600083015283442
profile	minimax_m3	MiniMax M3	minimax/minimax-m3	psych	psychometric_only	HEXACO_HH_mean	we_rate_per_1k	50		
profile	minimax_m3	MiniMax M3	minimax/minimax-m3	psych	psychometric_only	HEXACO_HH_mean	social_word_rate_per_1k	50	0.44954005102631245	0.44954005102631245
profile	minimax_m3	MiniMax M3	minimax/minimax-m3	psych	psychometric_only	HEXACO_HH_mean	exclamation_rate_per_1k	50		
profile	minimax_m3	MiniMax M3	minimax/minimax-m3	psych	psychometric_only	HEXACO_HH_mean	question_rate_per_1k	50		
profile	minimax_m3	MiniMax M3	minimax/minimax-m3	psych	psychometric_only	HEXACO_HH_mean	section_count	0		
profile	minimax_m3	MiniMax M3	minimax/minimax-m3	psych	psychometric_only	HEXACO_HH_mean	section_words_mean	0		
profile	minimax_m3	MiniMax M3	minimax/minimax-m3	psych	psychometric_only	HEXACO_HH_mean	section_words_sd	0		
profile	minimax_m3	MiniMax M3	minimax/minimax-m3	psych	psychometric_only	HEXACO_HH_mean	section_words_cv	0		
profile	minimax_m3	MiniMax M3	minimax/minimax-m3	psych	psychometric_only	HEXACO_E_mean	total_words	50	-0.01773250337610968	0.01773250337610968
profile	minimax_m3	MiniMax M3	minimax/minimax-m3	psych	psychometric_only	HEXACO_E_mean	unique_word_rate	50	-0.03389208349463403	0.03389208349463403
profile	minimax_m3	MiniMax M3	minimax/minimax-m3	psych	psychometric_only	HEXACO_E_mean	first_person_rate_per_1k	50	0.1362147216878541	0.1362147216878541
profile	minimax_m3	MiniMax M3	minimax/minimax-m3	psych	psychometric_only	HEXACO_E_mean	we_rate_per_1k	50		
profile	minimax_m3	MiniMax M3	minimax/minimax-m3	psych	psychometric_only	HEXACO_E_mean	social_word_rate_per_1k	50	-0.0751304285690802	0.0751304285690802
profile	minimax_m3	MiniMax M3	minimax/minimax-m3	psych	psychometric_only	HEXACO_E_mean	exclamation_rate_per_1k	50		
profile	minimax_m3	MiniMax M3	minimax/minimax-m3	psych	psychometric_only	HEXACO_E_mean	question_rate_per_1k	50		
profile	minimax_m3	MiniMax M3	minimax/minimax-m3	psych	psychometric_only	HEXACO_E_mean	section_count	0		
profile	minimax_m3	MiniMax M3	minimax/minimax-m3	psych	psychometric_only	HEXACO_E_mean	section_words_mean	0		
profile	minimax_m3	MiniMax M3	minimax/minimax-m3	psych	psychometric_only	HEXACO_E_mean	section_words_sd	0		
profile	minimax_m3	MiniMax M3	minimax/minimax-m3	psych	psychometric_only	HEXACO_E_mean	section_words_cv	0		
profile	minimax_m3	MiniMax M3	minimax/minimax-m3	psych	psychometric_only	HEXACO_EX_mean	total_words	50	-0.040024820022200584	0.040024820022200584
profile	minimax_m3	MiniMax M3	minimax/minimax-m3	psych	psychometric_only	HEXACO_EX_mean	unique_word_rate	50	0.11622232283682088	0.11622232283682088
profile	minimax_m3	MiniMax M3	minimax/minimax-m3	psych	psychometric_only	HEXACO_EX_mean	first_person_rate_per_1k	50	0.2255354343025507	0.2255354343025507
profile	minimax_m3	MiniMax M3	minimax/minimax-m3	psych	psychometric_only	HEXACO_EX_mean	we_rate_per_1k	50		
profile	minimax_m3	MiniMax M3	minimax/minimax-m3	psych	psychometric_only	HEXACO_EX_mean	social_word_rate_per_1k	50	0.09846067209930365	0.09846067209930365
profile	minimax_m3	MiniMax M3	minimax/minimax-m3	psych	psychometric_only	HEXACO_EX_mean	exclamation_rate_per_1k	50		
profile	minimax_m3	MiniMax M3	minimax/minimax-m3	psych	psychometric_only	HEXACO_EX_mean	question_rate_per_1k	50		
profile	minimax_m3	MiniMax M3	minimax/minimax-m3	psych	psychometric_only	HEXACO_EX_mean	section_count	0		
profile	minimax_m3	MiniMax M3	minimax/minimax-m3	psych	psychometric_only	HEXACO_EX_mean	section_words_mean	0		
profile	minimax_m3	MiniMax M3	minimax/minimax-m3	psych	psychometric_only	HEXACO_EX_mean	section_words_sd	0		
profile	minimax_m3	MiniMax M3	minimax/minimax-m3	psych	psychometric_only	HEXACO_EX_mean	section_words_cv	0		
profile	minimax_m3	MiniMax M3	minimax/minimax-m3	psych	psychometric_only	HEXACO_A_mean	total_words	50	0.05152009822239093	0.05152009822239093
profile	minimax_m3	MiniMax M3	minimax/minimax-m3	psych	psychometric_only	HEXACO_A_mean	unique_word_rate	50	-0.0481986198830303	0.0481986198830303
profile	minimax_m3	MiniMax M3	minimax/minimax-m3	psych	psychometric_only	HEXACO_A_mean	first_person_rate_per_1k	50	0.029105960260497395	0.029105960260497395
profile	minimax_m3	MiniMax M3	minimax/minimax-m3	psych	psychometric_only	HEXACO_A_mean	we_rate_per_1k	50		
profile	minimax_m3	MiniMax M3	minimax/minimax-m3	psych	psychometric_only	HEXACO_A_mean	social_word_rate_per_1k	50	0.14903785132270836	0.14903785132270836
profile	minimax_m3	MiniMax M3	minimax/minimax-m3	psych	psychometric_only	HEXACO_A_mean	exclamation_rate_per_1k	50		
profile	minimax_m3	MiniMax M3	minimax/minimax-m3	psych	psychometric_only	HEXACO_A_mean	question_rate_per_1k	50		
profile	minimax_m3	MiniMax M3	minimax/minimax-m3	psych	psychometric_only	HEXACO_A_mean	section_count	0		
profile	minimax_m3	MiniMax M3	minimax/minimax-m3	psych	psychometric_only	HEXACO_A_mean	section_words_mean	0		
profile	minimax_m3	MiniMax M3	minimax/minimax-m3	psych	psychometric_only	HEXACO_A_mean	section_words_sd	0		
profile	minimax_m3	MiniMax M3	minimax/minimax-m3	psych	psychometric_only	HEXACO_A_mean	section_words_cv	0		
profile	minimax_m3	MiniMax M3	minimax/minimax-m3	psych	psychometric_only	HEXACO_C_mean	total_words	50	-0.1008992275248743	0.1008992275248743
profile	minimax_m3	MiniMax M3	minimax/minimax-m3	psych	psychometric_only	HEXACO_C_mean	unique_word_rate	50	0.041176760382491254	0.041176760382491254
profile	minimax_m3	MiniMax M3	minimax/minimax-m3	psych	psychometric_only	HEXACO_C_mean	first_person_rate_per_1k	50	-0.030924606380771356	0.030924606380771356
profile	minimax_m3	MiniMax M3	minimax/minimax-m3	psych	psychometric_only	HEXACO_C_mean	we_rate_per_1k	50		
profile	minimax_m3	MiniMax M3	minimax/minimax-m3	psych	psychometric_only	HEXACO_C_mean	social_word_rate_per_1k	50	0.1244424786630428	0.1244424786630428
profile	minimax_m3	MiniMax M3	minimax/minimax-m3	psych	psychometric_only	HEXACO_C_mean	exclamation_rate_per_1k	50		
profile	minimax_m3	MiniMax M3	minimax/minimax-m3	psych	psychometric_only	HEXACO_C_mean	question_rate_per_1k	50		
profile	minimax_m3	MiniMax M3	minimax/minimax-m3	psych	psychometric_only	HEXACO_C_mean	section_count	0		
profile	minimax_m3	MiniMax M3	minimax/minimax-m3	psych	psychometric_only	HEXACO_C_mean	section_words_mean	0		
profile	minimax_m3	MiniMax M3	minimax/minimax-m3	psych	psychometric_only	HEXACO_C_mean	section_words_sd	0		
profile	minimax_m3	MiniMax M3	minimax/minimax-m3	psych	psychometric_only	HEXACO_C_mean	section_words_cv	0		
profile	minimax_m3	MiniMax M3	minimax/minimax-m3	psych	psychometric_only	HEXACO_OP_mean	total_words	50	0.16692715516020276	0.16692715516020276
profile	minimax_m3	MiniMax M3	minimax/minimax-m3	psych	psychometric_only	HEXACO_OP_mean	unique_word_rate	50	-0.023029287528823068	0.023029287528823068
profile	minimax_m3	MiniMax M3	minimax/minimax-m3	psych	psychometric_only	HEXACO_OP_mean	first_person_rate_per_1k	50	0.07320770024930685	0.07320770024930685
profile	minimax_m3	MiniMax M3	minimax/minimax-m3	psych	psychometric_only	HEXACO_OP_mean	we_rate_per_1k	50		
profile	minimax_m3	MiniMax M3	minimax/minimax-m3	psych	psychometric_only	HEXACO_OP_mean	social_word_rate_per_1k	50	0.2440488222979366	0.2440488222979366
profile	minimax_m3	MiniMax M3	minimax/minimax-m3	psych	psychometric_only	HEXACO_OP_mean	exclamation_rate_per_1k	50		
profile	minimax_m3	MiniMax M3	minimax/minimax-m3	psych	psychometric_only	HEXACO_OP_mean	question_rate_per_1k	50		
profile	minimax_m3	MiniMax M3	minimax/minimax-m3	psych	psychometric_only	HEXACO_OP_mean	section_count	0		
profile	minimax_m3	MiniMax M3	minimax/minimax-m3	psych	psychometric_only	HEXACO_OP_mean	section_words_mean	0		
profile	minimax_m3	MiniMax M3	minimax/minimax-m3	psych	psychometric_only	HEXACO_OP_mean	section_words_sd	0		
profile	minimax_m3	MiniMax M3	minimax/minimax-m3	psych	psychometric_only	HEXACO_OP_mean	section_words_cv	0		
profile	qwen_37_max	Qwen 3.7 Max	qwen/qwen3.7-max	interwoven	interwoven_biography	HEXACO_HH_mean	total_words	50	0.1639517374145928	0.1639517374145928
profile	qwen_37_max	Qwen 3.7 Max	qwen/qwen3.7-max	interwoven	interwoven_biography	HEXACO_HH_mean	unique_word_rate	50	-0.0006518697438533191	0.0006518697438533191
profile	qwen_37_max	Qwen 3.7 Max	qwen/qwen3.7-max	interwoven	interwoven_biography	HEXACO_HH_mean	first_person_rate_per_1k	50		
profile	qwen_37_max	Qwen 3.7 Max	qwen/qwen3.7-max	interwoven	interwoven_biography	HEXACO_HH_mean	we_rate_per_1k	50		
profile	qwen_37_max	Qwen 3.7 Max	qwen/qwen3.7-max	interwoven	interwoven_biography	HEXACO_HH_mean	social_word_rate_per_1k	50	-0.09528567377238661	0.09528567377238661
profile	qwen_37_max	Qwen 3.7 Max	qwen/qwen3.7-max	interwoven	interwoven_biography	HEXACO_HH_mean	exclamation_rate_per_1k	50		
profile	qwen_37_max	Qwen 3.7 Max	qwen/qwen3.7-max	interwoven	interwoven_biography	HEXACO_HH_mean	question_rate_per_1k	50		
profile	qwen_37_max	Qwen 3.7 Max	qwen/qwen3.7-max	interwoven	interwoven_biography	HEXACO_HH_mean	section_count	0		
profile	qwen_37_max	Qwen 3.7 Max	qwen/qwen3.7-max	interwoven	interwoven_biography	HEXACO_HH_mean	section_words_mean	0		
profile	qwen_37_max	Qwen 3.7 Max	qwen/qwen3.7-max	interwoven	interwoven_biography	HEXACO_HH_mean	section_words_sd	0		
profile	qwen_37_max	Qwen 3.7 Max	qwen/qwen3.7-max	interwoven	interwoven_biography	HEXACO_HH_mean	section_words_cv	0		
profile	qwen_37_max	Qwen 3.7 Max	qwen/qwen3.7-max	interwoven	interwoven_biography	HEXACO_E_mean	total_words	50	0.11399577323990993	0.11399577323990993
profile	qwen_37_max	Qwen 3.7 Max	qwen/qwen3.7-max	interwoven	interwoven_biography	HEXACO_E_mean	unique_word_rate	50	-0.02201802336989113	0.02201802336989113
profile	qwen_37_max	Qwen 3.7 Max	qwen/qwen3.7-max	interwoven	interwoven_biography	HEXACO_E_mean	first_person_rate_per_1k	50		
profile	qwen_37_max	Qwen 3.7 Max	qwen/qwen3.7-max	interwoven	interwoven_biography	HEXACO_E_mean	we_rate_per_1k	50		
profile	qwen_37_max	Qwen 3.7 Max	qwen/qwen3.7-max	interwoven	interwoven_biography	HEXACO_E_mean	social_word_rate_per_1k	50	-0.022568538528242237	0.022568538528242237
profile	qwen_37_max	Qwen 3.7 Max	qwen/qwen3.7-max	interwoven	interwoven_biography	HEXACO_E_mean	exclamation_rate_per_1k	50		
profile	qwen_37_max	Qwen 3.7 Max	qwen/qwen3.7-max	interwoven	interwoven_biography	HEXACO_E_mean	question_rate_per_1k	50		
profile	qwen_37_max	Qwen 3.7 Max	qwen/qwen3.7-max	interwoven	interwoven_biography	HEXACO_E_mean	section_count	0		
profile	qwen_37_max	Qwen 3.7 Max	qwen/qwen3.7-max	interwoven	interwoven_biography	HEXACO_E_mean	section_words_mean	0		
profile	qwen_37_max	Qwen 3.7 Max	qwen/qwen3.7-max	interwoven	interwoven_biography	HEXACO_E_mean	section_words_sd	0		
profile	qwen_37_max	Qwen 3.7 Max	qwen/qwen3.7-max	interwoven	interwoven_biography	HEXACO_E_mean	section_words_cv	0		
profile	qwen_37_max	Qwen 3.7 Max	qwen/qwen3.7-max	interwoven	interwoven_biography	HEXACO_EX_mean	total_words	50	0.10037132243727134	0.10037132243727134
profile	qwen_37_max	Qwen 3.7 Max	qwen/qwen3.7-max	interwoven	interwoven_biography	HEXACO_EX_mean	unique_word_rate	50	0.0322390863779686	0.0322390863779686
profile	qwen_37_max	Qwen 3.7 Max	qwen/qwen3.7-max	interwoven	interwoven_biography	HEXACO_EX_mean	first_person_rate_per_1k	50		
profile	qwen_37_max	Qwen 3.7 Max	qwen/qwen3.7-max	interwoven	interwoven_biography	HEXACO_EX_mean	we_rate_per_1k	50		
profile	qwen_37_max	Qwen 3.7 Max	qwen/qwen3.7-max	interwoven	interwoven_biography	HEXACO_EX_mean	social_word_rate_per_1k	50	0.13598328893323286	0.13598328893323286
profile	qwen_37_max	Qwen 3.7 Max	qwen/qwen3.7-max	interwoven	interwoven_biography	HEXACO_EX_mean	exclamation_rate_per_1k	50		
profile	qwen_37_max	Qwen 3.7 Max	qwen/qwen3.7-max	interwoven	interwoven_biography	HEXACO_EX_mean	question_rate_per_1k	50		
profile	qwen_37_max	Qwen 3.7 Max	qwen/qwen3.7-max	interwoven	interwoven_biography	HEXACO_EX_mean	section_count	0		
profile	qwen_37_max	Qwen 3.7 Max	qwen/qwen3.7-max	interwoven	interwoven_biography	HEXACO_EX_mean	section_words_mean	0		
profile	qwen_37_max	Qwen 3.7 Max	qwen/qwen3.7-max	interwoven	interwoven_biography	HEXACO_EX_mean	section_words_sd	0		
profile	qwen_37_max	Qwen 3.7 Max	qwen/qwen3.7-max	interwoven	interwoven_biography	HEXACO_EX_mean	section_words_cv	0		
profile	qwen_37_max	Qwen 3.7 Max	qwen/qwen3.7-max	interwoven	interwoven_biography	HEXACO_A_mean	total_words	50	-0.17038631416621894	0.17038631416621894
profile	qwen_37_max	Qwen 3.7 Max	qwen/qwen3.7-max	interwoven	interwoven_biography	HEXACO_A_mean	unique_word_rate	50	-0.022231695334271717	0.022231695334271717
profile	qwen_37_max	Qwen 3.7 Max	qwen/qwen3.7-max	interwoven	interwoven_biography	HEXACO_A_mean	first_person_rate_per_1k	50		
profile	qwen_37_max	Qwen 3.7 Max	qwen/qwen3.7-max	interwoven	interwoven_biography	HEXACO_A_mean	we_rate_per_1k	50		
profile	qwen_37_max	Qwen 3.7 Max	qwen/qwen3.7-max	interwoven	interwoven_biography	HEXACO_A_mean	social_word_rate_per_1k	50	-0.02315847778056793	0.02315847778056793
profile	qwen_37_max	Qwen 3.7 Max	qwen/qwen3.7-max	interwoven	interwoven_biography	HEXACO_A_mean	exclamation_rate_per_1k	50		
profile	qwen_37_max	Qwen 3.7 Max	qwen/qwen3.7-max	interwoven	interwoven_biography	HEXACO_A_mean	question_rate_per_1k	50		
profile	qwen_37_max	Qwen 3.7 Max	qwen/qwen3.7-max	interwoven	interwoven_biography	HEXACO_A_mean	section_count	0		
profile	qwen_37_max	Qwen 3.7 Max	qwen/qwen3.7-max	interwoven	interwoven_biography	HEXACO_A_mean	section_words_mean	0		
profile	qwen_37_max	Qwen 3.7 Max	qwen/qwen3.7-max	interwoven	interwoven_biography	HEXACO_A_mean	section_words_sd	0		
profile	qwen_37_max	Qwen 3.7 Max	qwen/qwen3.7-max	interwoven	interwoven_biography	HEXACO_A_mean	section_words_cv	0		
profile	qwen_37_max	Qwen 3.7 Max	qwen/qwen3.7-max	interwoven	interwoven_biography	HEXACO_C_mean	total_words	50	-0.15707962797029454	0.15707962797029454
profile	qwen_37_max	Qwen 3.7 Max	qwen/qwen3.7-max	interwoven	interwoven_biography	HEXACO_C_mean	unique_word_rate	50	0.08288929624281476	0.08288929624281476
profile	qwen_37_max	Qwen 3.7 Max	qwen/qwen3.7-max	interwoven	interwoven_biography	HEXACO_C_mean	first_person_rate_per_1k	50		
profile	qwen_37_max	Qwen 3.7 Max	qwen/qwen3.7-max	interwoven	interwoven_biography	HEXACO_C_mean	we_rate_per_1k	50		
profile	qwen_37_max	Qwen 3.7 Max	qwen/qwen3.7-max	interwoven	interwoven_biography	HEXACO_C_mean	social_word_rate_per_1k	50	0.20471889202310878	0.20471889202310878
profile	qwen_37_max	Qwen 3.7 Max	qwen/qwen3.7-max	interwoven	interwoven_biography	HEXACO_C_mean	exclamation_rate_per_1k	50		
profile	qwen_37_max	Qwen 3.7 Max	qwen/qwen3.7-max	interwoven	interwoven_biography	HEXACO_C_mean	question_rate_per_1k	50		
profile	qwen_37_max	Qwen 3.7 Max	qwen/qwen3.7-max	interwoven	interwoven_biography	HEXACO_C_mean	section_count	0		
profile	qwen_37_max	Qwen 3.7 Max	qwen/qwen3.7-max	interwoven	interwoven_biography	HEXACO_C_mean	section_words_mean	0		
profile	qwen_37_max	Qwen 3.7 Max	qwen/qwen3.7-max	interwoven	interwoven_biography	HEXACO_C_mean	section_words_sd	0		
profile	qwen_37_max	Qwen 3.7 Max	qwen/qwen3.7-max	interwoven	interwoven_biography	HEXACO_C_mean	section_words_cv	0		
profile	qwen_37_max	Qwen 3.7 Max	qwen/qwen3.7-max	interwoven	interwoven_biography	HEXACO_OP_mean	total_words	50	-0.3716743373400716	0.3716743373400716
profile	qwen_37_max	Qwen 3.7 Max	qwen/qwen3.7-max	interwoven	interwoven_biography	HEXACO_OP_mean	unique_word_rate	50	0.21670790638879475	0.21670790638879475
profile	qwen_37_max	Qwen 3.7 Max	qwen/qwen3.7-max	interwoven	interwoven_biography	HEXACO_OP_mean	first_person_rate_per_1k	50		
profile	qwen_37_max	Qwen 3.7 Max	qwen/qwen3.7-max	interwoven	interwoven_biography	HEXACO_OP_mean	we_rate_per_1k	50		
profile	qwen_37_max	Qwen 3.7 Max	qwen/qwen3.7-max	interwoven	interwoven_biography	HEXACO_OP_mean	social_word_rate_per_1k	50	0.1835269096336939	0.1835269096336939
profile	qwen_37_max	Qwen 3.7 Max	qwen/qwen3.7-max	interwoven	interwoven_biography	HEXACO_OP_mean	exclamation_rate_per_1k	50		
profile	qwen_37_max	Qwen 3.7 Max	qwen/qwen3.7-max	interwoven	interwoven_biography	HEXACO_OP_mean	question_rate_per_1k	50		
profile	qwen_37_max	Qwen 3.7 Max	qwen/qwen3.7-max	interwoven	interwoven_biography	HEXACO_OP_mean	section_count	0		
profile	qwen_37_max	Qwen 3.7 Max	qwen/qwen3.7-max	interwoven	interwoven_biography	HEXACO_OP_mean	section_words_mean	0		
profile	qwen_37_max	Qwen 3.7 Max	qwen/qwen3.7-max	interwoven	interwoven_biography	HEXACO_OP_mean	section_words_sd	0		
profile	qwen_37_max	Qwen 3.7 Max	qwen/qwen3.7-max	interwoven	interwoven_biography	HEXACO_OP_mean	section_words_cv	0		
profile	qwen_37_max	Qwen 3.7 Max	qwen/qwen3.7-max	psych	psychometric_only	HEXACO_HH_mean	total_words	50	-0.21427103568406536	0.21427103568406536
profile	qwen_37_max	Qwen 3.7 Max	qwen/qwen3.7-max	psych	psychometric_only	HEXACO_HH_mean	unique_word_rate	50	0.18965787725852815	0.18965787725852815
profile	qwen_37_max	Qwen 3.7 Max	qwen/qwen3.7-max	psych	psychometric_only	HEXACO_HH_mean	first_person_rate_per_1k	50		
profile	qwen_37_max	Qwen 3.7 Max	qwen/qwen3.7-max	psych	psychometric_only	HEXACO_HH_mean	we_rate_per_1k	50		
profile	qwen_37_max	Qwen 3.7 Max	qwen/qwen3.7-max	psych	psychometric_only	HEXACO_HH_mean	social_word_rate_per_1k	50	-0.19625657963753168	0.19625657963753168
profile	qwen_37_max	Qwen 3.7 Max	qwen/qwen3.7-max	psych	psychometric_only	HEXACO_HH_mean	exclamation_rate_per_1k	50		
profile	qwen_37_max	Qwen 3.7 Max	qwen/qwen3.7-max	psych	psychometric_only	HEXACO_HH_mean	question_rate_per_1k	50		
profile	qwen_37_max	Qwen 3.7 Max	qwen/qwen3.7-max	psych	psychometric_only	HEXACO_HH_mean	section_count	0		
profile	qwen_37_max	Qwen 3.7 Max	qwen/qwen3.7-max	psych	psychometric_only	HEXACO_HH_mean	section_words_mean	0		
profile	qwen_37_max	Qwen 3.7 Max	qwen/qwen3.7-max	psych	psychometric_only	HEXACO_HH_mean	section_words_sd	0		
profile	qwen_37_max	Qwen 3.7 Max	qwen/qwen3.7-max	psych	psychometric_only	HEXACO_HH_mean	section_words_cv	0		
profile	qwen_37_max	Qwen 3.7 Max	qwen/qwen3.7-max	psych	psychometric_only	HEXACO_E_mean	total_words	50	-0.14654927014870262	0.14654927014870262
profile	qwen_37_max	Qwen 3.7 Max	qwen/qwen3.7-max	psych	psychometric_only	HEXACO_E_mean	unique_word_rate	50	0.27581733154976196	0.27581733154976196
profile	qwen_37_max	Qwen 3.7 Max	qwen/qwen3.7-max	psych	psychometric_only	HEXACO_E_mean	first_person_rate_per_1k	50		
profile	qwen_37_max	Qwen 3.7 Max	qwen/qwen3.7-max	psych	psychometric_only	HEXACO_E_mean	we_rate_per_1k	50		
profile	qwen_37_max	Qwen 3.7 Max	qwen/qwen3.7-max	psych	psychometric_only	HEXACO_E_mean	social_word_rate_per_1k	50	-0.18028443190474153	0.18028443190474153
profile	qwen_37_max	Qwen 3.7 Max	qwen/qwen3.7-max	psych	psychometric_only	HEXACO_E_mean	exclamation_rate_per_1k	50		
profile	qwen_37_max	Qwen 3.7 Max	qwen/qwen3.7-max	psych	psychometric_only	HEXACO_E_mean	question_rate_per_1k	50		
profile	qwen_37_max	Qwen 3.7 Max	qwen/qwen3.7-max	psych	psychometric_only	HEXACO_E_mean	section_count	0		
profile	qwen_37_max	Qwen 3.7 Max	qwen/qwen3.7-max	psych	psychometric_only	HEXACO_E_mean	section_words_mean	0		
profile	qwen_37_max	Qwen 3.7 Max	qwen/qwen3.7-max	psych	psychometric_only	HEXACO_E_mean	section_words_sd	0		
profile	qwen_37_max	Qwen 3.7 Max	qwen/qwen3.7-max	psych	psychometric_only	HEXACO_E_mean	section_words_cv	0		
profile	qwen_37_max	Qwen 3.7 Max	qwen/qwen3.7-max	psych	psychometric_only	HEXACO_EX_mean	total_words	50	-0.18836872988561373	0.18836872988561373
profile	qwen_37_max	Qwen 3.7 Max	qwen/qwen3.7-max	psych	psychometric_only	HEXACO_EX_mean	unique_word_rate	50	0.03362675142732271	0.03362675142732271
profile	qwen_37_max	Qwen 3.7 Max	qwen/qwen3.7-max	psych	psychometric_only	HEXACO_EX_mean	first_person_rate_per_1k	50		
profile	qwen_37_max	Qwen 3.7 Max	qwen/qwen3.7-max	psych	psychometric_only	HEXACO_EX_mean	we_rate_per_1k	50		
profile	qwen_37_max	Qwen 3.7 Max	qwen/qwen3.7-max	psych	psychometric_only	HEXACO_EX_mean	social_word_rate_per_1k	50	0.17681181824506106	0.17681181824506106
profile	qwen_37_max	Qwen 3.7 Max	qwen/qwen3.7-max	psych	psychometric_only	HEXACO_EX_mean	exclamation_rate_per_1k	50		
profile	qwen_37_max	Qwen 3.7 Max	qwen/qwen3.7-max	psych	psychometric_only	HEXACO_EX_mean	question_rate_per_1k	50		
profile	qwen_37_max	Qwen 3.7 Max	qwen/qwen3.7-max	psych	psychometric_only	HEXACO_EX_mean	section_count	0		
profile	qwen_37_max	Qwen 3.7 Max	qwen/qwen3.7-max	psych	psychometric_only	HEXACO_EX_mean	section_words_mean	0		
profile	qwen_37_max	Qwen 3.7 Max	qwen/qwen3.7-max	psych	psychometric_only	HEXACO_EX_mean	section_words_sd	0		
profile	qwen_37_max	Qwen 3.7 Max	qwen/qwen3.7-max	psych	psychometric_only	HEXACO_EX_mean	section_words_cv	0		
profile	qwen_37_max	Qwen 3.7 Max	qwen/qwen3.7-max	psych	psychometric_only	HEXACO_A_mean	total_words	50	-0.13989889839321307	0.13989889839321307
profile	qwen_37_max	Qwen 3.7 Max	qwen/qwen3.7-max	psych	psychometric_only	HEXACO_A_mean	unique_word_rate	50	-0.014926202748669353	0.014926202748669353
profile	qwen_37_max	Qwen 3.7 Max	qwen/qwen3.7-max	psych	psychometric_only	HEXACO_A_mean	first_person_rate_per_1k	50		
profile	qwen_37_max	Qwen 3.7 Max	qwen/qwen3.7-max	psych	psychometric_only	HEXACO_A_mean	we_rate_per_1k	50		
profile	qwen_37_max	Qwen 3.7 Max	qwen/qwen3.7-max	psych	psychometric_only	HEXACO_A_mean	social_word_rate_per_1k	50	0.0037695802481047666	0.0037695802481047666
profile	qwen_37_max	Qwen 3.7 Max	qwen/qwen3.7-max	psych	psychometric_only	HEXACO_A_mean	exclamation_rate_per_1k	50		
profile	qwen_37_max	Qwen 3.7 Max	qwen/qwen3.7-max	psych	psychometric_only	HEXACO_A_mean	question_rate_per_1k	50		
profile	qwen_37_max	Qwen 3.7 Max	qwen/qwen3.7-max	psych	psychometric_only	HEXACO_A_mean	section_count	0		
profile	qwen_37_max	Qwen 3.7 Max	qwen/qwen3.7-max	psych	psychometric_only	HEXACO_A_mean	section_words_mean	0		
profile	qwen_37_max	Qwen 3.7 Max	qwen/qwen3.7-max	psych	psychometric_only	HEXACO_A_mean	section_words_sd	0		
profile	qwen_37_max	Qwen 3.7 Max	qwen/qwen3.7-max	psych	psychometric_only	HEXACO_A_mean	section_words_cv	0		
profile	qwen_37_max	Qwen 3.7 Max	qwen/qwen3.7-max	psych	psychometric_only	HEXACO_C_mean	total_words	50	-0.3910319051544193	0.3910319051544193
profile	qwen_37_max	Qwen 3.7 Max	qwen/qwen3.7-max	psych	psychometric_only	HEXACO_C_mean	unique_word_rate	50	0.20900579898849725	0.20900579898849725
profile	qwen_37_max	Qwen 3.7 Max	qwen/qwen3.7-max	psych	psychometric_only	HEXACO_C_mean	first_person_rate_per_1k	50		
profile	qwen_37_max	Qwen 3.7 Max	qwen/qwen3.7-max	psych	psychometric_only	HEXACO_C_mean	we_rate_per_1k	50		
profile	qwen_37_max	Qwen 3.7 Max	qwen/qwen3.7-max	psych	psychometric_only	HEXACO_C_mean	social_word_rate_per_1k	50	0.07777601858149222	0.07777601858149222
profile	qwen_37_max	Qwen 3.7 Max	qwen/qwen3.7-max	psych	psychometric_only	HEXACO_C_mean	exclamation_rate_per_1k	50		
profile	qwen_37_max	Qwen 3.7 Max	qwen/qwen3.7-max	psych	psychometric_only	HEXACO_C_mean	question_rate_per_1k	50		
profile	qwen_37_max	Qwen 3.7 Max	qwen/qwen3.7-max	psych	psychometric_only	HEXACO_C_mean	section_count	0		
profile	qwen_37_max	Qwen 3.7 Max	qwen/qwen3.7-max	psych	psychometric_only	HEXACO_C_mean	section_words_mean	0		
profile	qwen_37_max	Qwen 3.7 Max	qwen/qwen3.7-max	psych	psychometric_only	HEXACO_C_mean	section_words_sd	0		
profile	qwen_37_max	Qwen 3.7 Max	qwen/qwen3.7-max	psych	psychometric_only	HEXACO_C_mean	section_words_cv	0		
profile	qwen_37_max	Qwen 3.7 Max	qwen/qwen3.7-max	psych	psychometric_only	HEXACO_OP_mean	total_words	50	-0.3813606345690906	0.3813606345690906
profile	qwen_37_max	Qwen 3.7 Max	qwen/qwen3.7-max	psych	psychometric_only	HEXACO_OP_mean	unique_word_rate	50	-0.015513294529883988	0.015513294529883988
profile	qwen_37_max	Qwen 3.7 Max	qwen/qwen3.7-max	psych	psychometric_only	HEXACO_OP_mean	first_person_rate_per_1k	50		
profile	qwen_37_max	Qwen 3.7 Max	qwen/qwen3.7-max	psych	psychometric_only	HEXACO_OP_mean	we_rate_per_1k	50		
profile	qwen_37_max	Qwen 3.7 Max	qwen/qwen3.7-max	psych	psychometric_only	HEXACO_OP_mean	social_word_rate_per_1k	50	0.21608086407540752	0.21608086407540752
profile	qwen_37_max	Qwen 3.7 Max	qwen/qwen3.7-max	psych	psychometric_only	HEXACO_OP_mean	exclamation_rate_per_1k	50		
profile	qwen_37_max	Qwen 3.7 Max	qwen/qwen3.7-max	psych	psychometric_only	HEXACO_OP_mean	question_rate_per_1k	50		
profile	qwen_37_max	Qwen 3.7 Max	qwen/qwen3.7-max	psych	psychometric_only	HEXACO_OP_mean	section_count	0		
profile	qwen_37_max	Qwen 3.7 Max	qwen/qwen3.7-max	psych	psychometric_only	HEXACO_OP_mean	section_words_mean	0		
profile	qwen_37_max	Qwen 3.7 Max	qwen/qwen3.7-max	psych	psychometric_only	HEXACO_OP_mean	section_words_sd	0		
profile	qwen_37_max	Qwen 3.7 Max	qwen/qwen3.7-max	psych	psychometric_only	HEXACO_OP_mean	section_words_cv	0		
